city,time,latitude,longitude,timezone,elevation,temperature_2m,relative_humidity_2m,precipitation,wind_speed_10m,weather_code
Alexandria,2026-06-30 00:00:00,31.1875,29.9375,Africa/Cairo,12.0,24.3,87,0.0,4.9,2
Alexandria,2026-06-30 01:00:00,31.1875,29.9375,Africa/Cairo,12.0,24.4,85,0.0,4.7,2
Alexandria,2026-06-30 02:00:00,31.1875,29.9375,Africa/Cairo,12.0,24.4,84,0.0,4.3,1
Alexandria,2026-06-30 03:00:00,31.1875,29.9375,Africa/Cairo,12.0,24.1,87,0.0,4.8,2
Alexandria,2026-06-30 04:00:00,31.1875,29.9375,Africa/Cairo,12.0,24.0,87,0.0,5.4,1
Alexandria,2026-06-30 05:00:00,31.1875,29.9375,Africa/Cairo,12.0,24.0,88,0.0,5.6,1
Alexandria,2026-06-30 06:00:00,31.1875,29.9375,Africa/Cairo,12.0,24.0,87,0.0,6.4,1
Alexandria,2026-06-30 07:00:00,31.1875,29.9375,Africa/Cairo,12.0,24.6,82,0.0,6.6,1
Alexandria,2026-06-30 08:00:00,31.1875,29.9375,Africa/Cairo,12.0,25.8,72,0.0,9.8,1
Alexandria,2026-06-30 09:00:00,31.1875,29.9375,Africa/Cairo,12.0,27.1,68,0.0,10.8,1
Alexandria,2026-06-30 10:00:00,31.1875,29.9375,Africa/Cairo,12.0,27.9,66,0.0,11.2,1
Alexandria,2026-06-30 11:00:00,31.1875,29.9375,Africa/Cairo,12.0,28.7,65,0.0,12.2,1
Alexandria,2026-06-30 12:00:00,31.1875,29.9375,Africa/Cairo,12.0,29.2,61,0.0,13.5,0
Alexandria,2026-06-30 13:00:00,31.1875,29.9375,Africa/Cairo,12.0,29.5,61,0.0,14.5,0
Alexandria,2026-06-30 14:00:00,31.1875,29.9375,Africa/Cairo,12.0,29.3,65,0.0,15.5,1
Alexandria,2026-06-30 15:00:00,31.1875,29.9375,Africa/Cairo,12.0,29.1,68,0.0,16.1,2
Alexandria,2026-06-30 16:00:00,31.1875,29.9375,Africa/Cairo,12.0,28.5,73,0.0,15.8,2
Alexandria,2026-06-30 17:00:00,31.1875,29.9375,Africa/Cairo,12.0,28.1,74,0.0,15.6,2
Alexandria,2026-06-30 18:00:00,31.1875,29.9375,Africa/Cairo,12.0,27.5,75,0.0,14.8,1
Alexandria,2026-06-30 19:00:00,31.1875,29.9375,Africa/Cairo,12.0,26.9,77,0.0,12.6,1
Alexandria,2026-06-30 20:00:00,31.1875,29.9375,Africa/Cairo,12.0,26.1,84,0.0,10.8,2
Alexandria,2026-06-30 21:00:00,31.1875,29.9375,Africa/Cairo,12.0,25.8,85,0.0,7.7,2
Alexandria,2026-06-30 22:00:00,31.1875,29.9375,Africa/Cairo,12.0,25.7,82,0.0,6.6,1
Alexandria,2026-06-30 23:00:00,31.1875,29.9375,Africa/Cairo,12.0,25.6,82,0.0,5.7,0
Alexandria,2026-07-01 00:00:00,31.1875,29.9375,Africa/Cairo,12.0,25.2,83,0.0,6.3,1
Alexandria,2026-07-01 01:00:00,31.1875,29.9375,Africa/Cairo,12.0,25.1,82,0.0,6.6,1
Alexandria,2026-07-01 02:00:00,31.1875,29.9375,Africa/Cairo,12.0,25.0,83,0.0,7.1,1
Alexandria,2026-07-01 03:00:00,31.1875,29.9375,Africa/Cairo,12.0,24.9,84,0.0,8.0,1
Alexandria,2026-07-01 04:00:00,31.1875,29.9375,Africa/Cairo,12.0,24.9,85,0.0,8.4,1
Alexandria,2026-07-01 05:00:00,31.1875,29.9375,Africa/Cairo,12.0,24.9,86,0.0,9.3,2
Alexandria,2026-07-01 06:00:00,31.1875,29.9375,Africa/Cairo,12.0,24.8,85,0.0,9.2,2
Alexandria,2026-07-01 07:00:00,31.1875,29.9375,Africa/Cairo,12.0,24.9,83,0.0,10.7,2
Alexandria,2026-07-01 08:00:00,31.1875,29.9375,Africa/Cairo,12.0,25.6,82,0.0,11.3,2
Alexandria,2026-07-01 09:00:00,31.1875,29.9375,Africa/Cairo,12.0,26.4,78,0.0,11.2,2
Alexandria,2026-07-01 10:00:00,31.1875,29.9375,Africa/Cairo,12.0,27.2,74,0.0,11.8,2
Alexandria,2026-07-01 11:00:00,31.1875,29.9375,Africa/Cairo,12.0,27.9,71,0.0,12.3,2
Alexandria,2026-07-01 12:00:00,31.1875,29.9375,Africa/Cairo,12.0,28.5,68,0.0,13.4,1
Alexandria,2026-07-01 13:00:00,31.1875,29.9375,Africa/Cairo,12.0,28.9,65,0.0,14.1,1
Alexandria,2026-07-01 14:00:00,31.1875,29.9375,Africa/Cairo,12.0,29.3,63,0.0,14.3,1
Alexandria,2026-07-01 15:00:00,31.1875,29.9375,Africa/Cairo,12.0,29.5,63,0.0,14.4,1
Alexandria,2026-07-01 16:00:00,31.1875,29.9375,Africa/Cairo,12.0,29.3,64,0.0,14.6,1
Alexandria,2026-07-01 17:00:00,31.1875,29.9375,Africa/Cairo,12.0,29.0,65,0.0,14.0,1
Alexandria,2026-07-01 18:00:00,31.1875,29.9375,Africa/Cairo,12.0,28.3,67,0.0,13.7,1
Alexandria,2026-07-01 19:00:00,31.1875,29.9375,Africa/Cairo,12.0,27.5,70,0.0,12.7,1
Alexandria,2026-07-01 20:00:00,31.1875,29.9375,Africa/Cairo,12.0,26.7,74,0.0,11.5,1
Alexandria,2026-07-01 21:00:00,31.1875,29.9375,Africa/Cairo,12.0,26.2,78,0.0,10.0,2
Alexandria,2026-07-01 22:00:00,31.1875,29.9375,Africa/Cairo,12.0,26.0,81,0.0,8.9,2
Alexandria,2026-07-01 23:00:00,31.1875,29.9375,Africa/Cairo,12.0,25.7,83,0.0,7.9,2
Alexandria,2026-07-02 00:00:00,31.1875,29.9375,Africa/Cairo,12.0,25.4,84,0.0,7.9,2
Alexandria,2026-07-02 01:00:00,31.1875,29.9375,Africa/Cairo,12.0,25.2,84,0.0,8.0,2
Alexandria,2026-07-02 02:00:00,31.1875,29.9375,Africa/Cairo,12.0,25.2,84,0.0,7.2,2
Alexandria,2026-07-02 03:00:00,31.1875,29.9375,Africa/Cairo,12.0,25.0,83,0.0,8.2,2
Alexandria,2026-07-02 04:00:00,31.1875,29.9375,Africa/Cairo,12.0,25.1,85,0.0,7.2,2
Alexandria,2026-07-02 05:00:00,31.1875,29.9375,Africa/Cairo,12.0,25.3,82,0.0,6.7,2
Alexandria,2026-07-02 06:00:00,31.1875,29.9375,Africa/Cairo,12.0,25.3,83,0.0,6.4,2
Alexandria,2026-07-02 07:00:00,31.1875,29.9375,Africa/Cairo,12.0,25.6,80,0.0,7.5,2
Alexandria,2026-07-02 08:00:00,31.1875,29.9375,Africa/Cairo,12.0,26.3,76,0.0,9.9,2
Alexandria,2026-07-02 09:00:00,31.1875,29.9375,Africa/Cairo,12.0,27.3,71,0.0,11.1,2
Alexandria,2026-07-02 10:00:00,31.1875,29.9375,Africa/Cairo,12.0,28.1,67,0.0,12.9,1
Alexandria,2026-07-02 11:00:00,31.1875,29.9375,Africa/Cairo,12.0,28.6,65,0.0,14.4,2
Alexandria,2026-07-02 12:00:00,31.1875,29.9375,Africa/Cairo,12.0,29.2,64,0.0,15.1,2
Alexandria,2026-07-02 13:00:00,31.1875,29.9375,Africa/Cairo,12.0,29.5,63,0.0,15.9,2
Alexandria,2026-07-02 14:00:00,31.1875,29.9375,Africa/Cairo,12.0,29.5,64,0.0,16.3,2
Alexandria,2026-07-02 15:00:00,31.1875,29.9375,Africa/Cairo,12.0,29.5,65,0.0,17.1,2
Alexandria,2026-07-02 16:00:00,31.1875,29.9375,Africa/Cairo,12.0,29.2,65,0.0,16.3,2
Alexandria,2026-07-02 17:00:00,31.1875,29.9375,Africa/Cairo,12.0,28.8,69,0.0,15.3,2
Alexandria,2026-07-02 18:00:00,31.1875,29.9375,Africa/Cairo,12.0,28.1,71,0.0,14.3,2
Alexandria,2026-07-02 19:00:00,31.1875,29.9375,Africa/Cairo,12.0,27.4,74,0.0,13.7,2
Alexandria,2026-07-02 20:00:00,31.1875,29.9375,Africa/Cairo,12.0,26.6,79,0.0,12.5,1
Alexandria,2026-07-02 21:00:00,31.1875,29.9375,Africa/Cairo,12.0,26.0,81,0.0,11.5,2
Alexandria,2026-07-02 22:00:00,31.1875,29.9375,Africa/Cairo,12.0,26.1,80,0.0,10.2,2
Alexandria,2026-07-02 23:00:00,31.1875,29.9375,Africa/Cairo,12.0,26.0,81,0.0,9.7,2
Alexandria,2026-07-03 00:00:00,31.1875,29.9375,Africa/Cairo,12.0,25.8,80,0.0,9.6,2
Alexandria,2026-07-03 01:00:00,31.1875,29.9375,Africa/Cairo,12.0,25.7,81,0.0,9.6,2
Alexandria,2026-07-03 02:00:00,31.1875,29.9375,Africa/Cairo,12.0,25.6,81,0.0,9.9,2
Alexandria,2026-07-03 03:00:00,31.1875,29.9375,Africa/Cairo,12.0,25.5,82,0.0,9.7,2
Alexandria,2026-07-03 04:00:00,31.1875,29.9375,Africa/Cairo,12.0,25.4,83,0.0,8.9,2
Alexandria,2026-07-03 05:00:00,31.1875,29.9375,Africa/Cairo,12.0,25.5,79,0.0,9.0,1
Alexandria,2026-07-03 06:00:00,31.1875,29.9375,Africa/Cairo,12.0,25.7,77,0.0,9.0,2
Alexandria,2026-07-03 07:00:00,31.1875,29.9375,Africa/Cairo,12.0,25.7,79,0.0,10.5,1
Alexandria,2026-07-03 08:00:00,31.1875,29.9375,Africa/Cairo,12.0,26.5,73,0.0,12.6,1
Alexandria,2026-07-03 09:00:00,31.1875,29.9375,Africa/Cairo,12.0,27.4,68,0.0,12.4,1
Alexandria,2026-07-03 10:00:00,31.1875,29.9375,Africa/Cairo,12.0,28.5,63,0.0,13.0,1
Alexandria,2026-07-03 11:00:00,31.1875,29.9375,Africa/Cairo,12.0,29.2,63,0.0,14.2,1
Alexandria,2026-07-03 12:00:00,31.1875,29.9375,Africa/Cairo,12.0,29.9,59,0.0,15.1,1
Alexandria,2026-07-03 13:00:00,31.1875,29.9375,Africa/Cairo,12.0,30.1,60,0.0,16.3,1
Alexandria,2026-07-03 14:00:00,31.1875,29.9375,Africa/Cairo,12.0,29.9,63,0.0,16.8,1
Alexandria,2026-07-03 15:00:00,31.1875,29.9375,Africa/Cairo,12.0,29.8,62,0.0,16.5,1
Alexandria,2026-07-03 16:00:00,31.1875,29.9375,Africa/Cairo,12.0,29.7,64,0.0,15.9,1
Alexandria,2026-07-03 17:00:00,31.1875,29.9375,Africa/Cairo,12.0,29.2,66,0.0,15.5,1
Alexandria,2026-07-03 18:00:00,31.1875,29.9375,Africa/Cairo,12.0,28.7,68,0.0,14.1,1
Alexandria,2026-07-03 19:00:00,31.1875,29.9375,Africa/Cairo,12.0,27.8,73,0.0,12.9,1
Alexandria,2026-07-03 20:00:00,31.1875,29.9375,Africa/Cairo,12.0,26.9,79,0.0,11.9,1
Alexandria,2026-07-03 21:00:00,31.1875,29.9375,Africa/Cairo,12.0,26.3,84,0.0,10.9,2
Alexandria,2026-07-03 22:00:00,31.1875,29.9375,Africa/Cairo,12.0,26.2,85,0.0,11.0,2
Alexandria,2026-07-03 23:00:00,31.1875,29.9375,Africa/Cairo,12.0,25.9,85,0.0,11.1,2
Alexandria,2026-07-04 00:00:00,31.1875,29.9375,Africa/Cairo,12.0,25.8,85,0.0,11.1,2
Alexandria,2026-07-04 01:00:00,31.1875,29.9375,Africa/Cairo,12.0,25.9,85,0.0,11.0,2
Alexandria,2026-07-04 02:00:00,31.1875,29.9375,Africa/Cairo,12.0,25.4,85,0.0,11.8,2
Alexandria,2026-07-04 03:00:00,31.1875,29.9375,Africa/Cairo,12.0,25.4,86,0.0,11.5,2
Alexandria,2026-07-04 04:00:00,31.1875,29.9375,Africa/Cairo,12.0,25.6,84,0.0,10.6,2
Alexandria,2026-07-04 05:00:00,31.1875,29.9375,Africa/Cairo,12.0,25.4,86,0.0,11.0,2
Alexandria,2026-07-04 06:00:00,31.1875,29.9375,Africa/Cairo,12.0,25.4,84,0.0,10.9,2
Alexandria,2026-07-04 07:00:00,31.1875,29.9375,Africa/Cairo,12.0,25.7,83,0.0,11.7,2
Alexandria,2026-07-04 08:00:00,31.1875,29.9375,Africa/Cairo,12.0,26.6,77,0.0,13.0,2
Alexandria,2026-07-04 09:00:00,31.1875,29.9375,Africa/Cairo,12.0,27.4,74,0.0,13.8,2
Alexandria,2026-07-04 10:00:00,31.1875,29.9375,Africa/Cairo,12.0,28.2,71,0.0,14.1,2
Alexandria,2026-07-04 11:00:00,31.1875,29.9375,Africa/Cairo,12.0,28.8,68,0.0,15.1,2
Alexandria,2026-07-04 12:00:00,31.1875,29.9375,Africa/Cairo,12.0,29.4,67,0.0,15.9,2
Alexandria,2026-07-04 13:00:00,31.1875,29.9375,Africa/Cairo,12.0,29.6,67,0.0,16.9,2
Alexandria,2026-07-04 14:00:00,31.1875,29.9375,Africa/Cairo,12.0,29.6,67,0.0,17.4,2
Alexandria,2026-07-04 15:00:00,31.1875,29.9375,Africa/Cairo,12.0,29.5,68,0.0,17.6,1
Alexandria,2026-07-04 16:00:00,31.1875,29.9375,Africa/Cairo,12.0,29.1,71,0.0,17.2,2
Alexandria,2026-07-04 17:00:00,31.1875,29.9375,Africa/Cairo,12.0,28.4,75,0.0,16.3,2
Alexandria,2026-07-04 18:00:00,31.1875,29.9375,Africa/Cairo,12.0,27.8,78,0.0,15.6,2
Alexandria,2026-07-04 19:00:00,31.1875,29.9375,Africa/Cairo,12.0,27.2,80,0.0,14.5,2
Alexandria,2026-07-04 20:00:00,31.1875,29.9375,Africa/Cairo,12.0,26.7,81,0.0,12.7,2
Alexandria,2026-07-04 21:00:00,31.1875,29.9375,Africa/Cairo,12.0,26.2,82,0.0,11.7,2
Alexandria,2026-07-04 22:00:00,31.1875,29.9375,Africa/Cairo,12.0,26.0,83,0.0,11.0,2
Alexandria,2026-07-04 23:00:00,31.1875,29.9375,Africa/Cairo,12.0,25.9,84,0.0,10.5,2
Alexandria,2026-07-05 00:00:00,31.1875,29.9375,Africa/Cairo,12.0,25.8,85,0.0,10.2,2
Alexandria,2026-07-05 01:00:00,31.1875,29.9375,Africa/Cairo,12.0,25.7,85,0.0,10.0,2
Alexandria,2026-07-05 02:00:00,31.1875,29.9375,Africa/Cairo,12.0,25.6,85,0.0,9.9,2
Alexandria,2026-07-05 03:00:00,31.1875,29.9375,Africa/Cairo,12.0,25.5,85,0.0,9.9,2
Alexandria,2026-07-05 04:00:00,31.1875,29.9375,Africa/Cairo,12.0,25.4,85,0.0,9.9,1
Alexandria,2026-07-05 05:00:00,31.1875,29.9375,Africa/Cairo,12.0,25.4,84,0.0,10.0,1
Alexandria,2026-07-05 06:00:00,31.1875,29.9375,Africa/Cairo,12.0,25.6,83,0.0,10.4,1
Alexandria,2026-07-05 07:00:00,31.1875,29.9375,Africa/Cairo,12.0,26.1,80,0.0,10.7,1
Alexandria,2026-07-05 08:00:00,31.1875,29.9375,Africa/Cairo,12.0,26.9,75,0.0,11.4,1
Alexandria,2026-07-05 09:00:00,31.1875,29.9375,Africa/Cairo,12.0,27.7,71,0.0,11.7,1
Alexandria,2026-07-05 10:00:00,31.1875,29.9375,Africa/Cairo,12.0,28.6,67,0.0,12.2,1
Alexandria,2026-07-05 11:00:00,31.1875,29.9375,Africa/Cairo,12.0,29.5,64,0.0,12.9,1
Alexandria,2026-07-05 12:00:00,31.1875,29.9375,Africa/Cairo,12.0,30.1,62,0.0,13.4,1
Alexandria,2026-07-05 13:00:00,31.1875,29.9375,Africa/Cairo,12.0,30.2,63,0.0,14.5,1
Alexandria,2026-07-05 14:00:00,31.1875,29.9375,Africa/Cairo,12.0,30.0,65,0.0,15.5,1
Alexandria,2026-07-05 15:00:00,31.1875,29.9375,Africa/Cairo,12.0,29.7,68,0.0,16.0,1
Alexandria,2026-07-05 16:00:00,31.1875,29.9375,Africa/Cairo,12.0,29.3,70,0.0,15.6,1
Alexandria,2026-07-05 17:00:00,31.1875,29.9375,Africa/Cairo,12.0,28.7,72,0.0,14.5,1
Alexandria,2026-07-05 18:00:00,31.1875,29.9375,Africa/Cairo,12.0,28.2,74,0.0,13.1,1
Alexandria,2026-07-05 19:00:00,31.1875,29.9375,Africa/Cairo,12.0,27.5,77,0.0,11.8,2
Alexandria,2026-07-05 20:00:00,31.1875,29.9375,Africa/Cairo,12.0,26.8,81,0.0,10.7,2
Alexandria,2026-07-05 21:00:00,31.1875,29.9375,Africa/Cairo,12.0,26.3,84,0.0,9.7,2
Alexandria,2026-07-05 22:00:00,31.1875,29.9375,Africa/Cairo,12.0,26.1,85,0.0,9.4,1
Alexandria,2026-07-05 23:00:00,31.1875,29.9375,Africa/Cairo,12.0,26.2,85,0.0,9.4,1
Alexandria,2026-07-06 00:00:00,31.1875,29.9375,Africa/Cairo,12.0,26.3,83,0.0,9.8,1
Alexandria,2026-07-06 01:00:00,31.1875,29.9375,Africa/Cairo,12.0,26.2,78,0.0,10.4,0
Alexandria,2026-07-06 02:00:00,31.1875,29.9375,Africa/Cairo,12.0,26.1,72,0.0,11.0,0
Alexandria,2026-07-06 03:00:00,31.1875,29.9375,Africa/Cairo,12.0,26.0,68,0.0,11.3,0
Alexandria,2026-07-06 04:00:00,31.1875,29.9375,Africa/Cairo,12.0,25.7,69,0.0,11.5,2
Alexandria,2026-07-06 05:00:00,31.1875,29.9375,Africa/Cairo,12.0,25.5,73,0.0,11.9,2
Alexandria,2026-07-06 06:00:00,31.1875,29.9375,Africa/Cairo,12.0,25.5,75,0.0,12.1,2
Alexandria,2026-07-06 07:00:00,31.1875,29.9375,Africa/Cairo,12.0,25.9,73,0.0,13.0,1
Alexandria,2026-07-06 08:00:00,31.1875,29.9375,Africa/Cairo,12.0,26.6,70,0.0,14.4,1
Alexandria,2026-07-06 09:00:00,31.1875,29.9375,Africa/Cairo,12.0,26.9,68,0.0,15.3,1
Alexandria,2026-07-06 10:00:00,31.1875,29.9375,Africa/Cairo,12.0,27.4,69,0.0,15.8,2
Alexandria,2026-07-06 11:00:00,31.1875,29.9375,Africa/Cairo,12.0,28.0,67,0.0,16.7,2
Alexandria,2026-07-06 12:00:00,31.1875,29.9375,Africa/Cairo,12.0,28.4,65,0.0,17.4,2
Alexandria,2026-07-06 13:00:00,31.1875,29.9375,Africa/Cairo,12.0,28.6,64,0.0,18.2,1
Alexandria,2026-07-06 14:00:00,31.1875,29.9375,Africa/Cairo,12.0,28.6,63,0.0,18.8,1
Alexandria,2026-07-06 15:00:00,31.1875,29.9375,Africa/Cairo,12.0,28.6,62,0.0,19.1,1
Alexandria,2026-07-06 16:00:00,31.1875,29.9375,Africa/Cairo,12.0,28.4,61,0.0,18.7,1
Alexandria,2026-07-06 17:00:00,31.1875,29.9375,Africa/Cairo,12.0,28.1,60,0.0,17.8,1
Alexandria,2026-07-06 18:00:00,31.1875,29.9375,Africa/Cairo,12.0,27.7,60,0.0,16.8,1
Alexandria,2026-07-06 19:00:00,31.1875,29.9375,Africa/Cairo,12.0,27.2,61,0.0,15.3,1
Alexandria,2026-07-06 20:00:00,31.1875,29.9375,Africa/Cairo,12.0,26.6,63,0.0,13.6,1
Alexandria,2026-07-06 21:00:00,31.1875,29.9375,Africa/Cairo,12.0,26.1,65,0.0,12.0,1
Alexandria,2026-07-06 22:00:00,31.1875,29.9375,Africa/Cairo,12.0,25.9,65,0.0,11.2,1
Alexandria,2026-07-06 23:00:00,31.1875,29.9375,Africa/Cairo,12.0,25.9,65,0.0,10.4,1
Alexandria,2026-07-07 00:00:00,31.1875,29.9375,Africa/Cairo,12.0,25.9,66,0.0,10.2,1
Alexandria,2026-07-07 01:00:00,31.1875,29.9375,Africa/Cairo,12.0,25.8,68,0.0,10.3,1
Alexandria,2026-07-07 02:00:00,31.1875,29.9375,Africa/Cairo,12.0,25.7,71,0.0,10.8,1
Alexandria,2026-07-07 03:00:00,31.1875,29.9375,Africa/Cairo,12.0,25.6,72,0.0,11.3,1
Alexandria,2026-07-07 04:00:00,31.1875,29.9375,Africa/Cairo,12.0,25.5,71,0.0,11.4,2
Alexandria,2026-07-07 05:00:00,31.1875,29.9375,Africa/Cairo,12.0,25.5,70,0.0,11.1,2
Alexandria,2026-07-07 06:00:00,31.1875,29.9375,Africa/Cairo,12.0,25.6,68,0.0,11.6,2
Alexandria,2026-07-07 07:00:00,31.1875,29.9375,Africa/Cairo,12.0,25.9,66,0.0,12.6,2
Alexandria,2026-07-07 08:00:00,31.1875,29.9375,Africa/Cairo,12.0,26.4,65,0.0,14.2,2
Alexandria,2026-07-07 09:00:00,31.1875,29.9375,Africa/Cairo,12.0,26.9,63,0.0,15.3,2
Alexandria,2026-07-07 10:00:00,31.1875,29.9375,Africa/Cairo,12.0,27.4,62,0.0,16.2,1
Alexandria,2026-07-07 11:00:00,31.1875,29.9375,Africa/Cairo,12.0,28.0,60,0.0,17.1,1
Alexandria,2026-07-07 12:00:00,31.1875,29.9375,Africa/Cairo,12.0,28.5,59,0.0,17.5,1
Alexandria,2026-07-07 13:00:00,31.1875,29.9375,Africa/Cairo,12.0,28.8,58,0.0,17.5,1
Alexandria,2026-07-07 14:00:00,31.1875,29.9375,Africa/Cairo,12.0,29.0,56,0.0,17.5,1
Alexandria,2026-07-07 15:00:00,31.1875,29.9375,Africa/Cairo,12.0,29.1,56,0.0,17.3,1
Alexandria,2026-07-07 16:00:00,31.1875,29.9375,Africa/Cairo,12.0,28.8,57,0.0,17.3,1
Alexandria,2026-07-07 17:00:00,31.1875,29.9375,Africa/Cairo,12.0,28.4,59,0.0,17.6,1
Alexandria,2026-07-07 18:00:00,31.1875,29.9375,Africa/Cairo,12.0,28.0,61,0.0,17.1,1
Alexandria,2026-07-07 19:00:00,31.1875,29.9375,Africa/Cairo,12.0,27.5,61,0.0,15.7,0
Alexandria,2026-07-07 20:00:00,31.1875,29.9375,Africa/Cairo,12.0,27.0,61,0.0,14.1,0
Alexandria,2026-07-07 21:00:00,31.1875,29.9375,Africa/Cairo,12.0,26.6,61,0.0,12.5,0
Alexandria,2026-07-07 22:00:00,31.1875,29.9375,Africa/Cairo,12.0,26.5,60,0.0,11.8,0
Alexandria,2026-07-07 23:00:00,31.1875,29.9375,Africa/Cairo,12.0,26.5,59,0.0,11.1,0
Aswan,2026-06-30 00:00:00,24.077328,32.86624,Africa/Cairo,105.0,33.7,18,0.0,13.5,0
Aswan,2026-06-30 01:00:00,24.077328,32.86624,Africa/Cairo,105.0,32.6,20,0.0,12.4,0
Aswan,2026-06-30 02:00:00,24.077328,32.86624,Africa/Cairo,105.0,31.5,21,0.0,9.8,0
Aswan,2026-06-30 03:00:00,24.077328,32.86624,Africa/Cairo,105.0,30.7,23,0.0,8.0,0
Aswan,2026-06-30 04:00:00,24.077328,32.86624,Africa/Cairo,105.0,29.2,26,0.0,5.4,0
Aswan,2026-06-30 05:00:00,24.077328,32.86624,Africa/Cairo,105.0,28.4,27,0.0,5.8,0
Aswan,2026-06-30 06:00:00,24.077328,32.86624,Africa/Cairo,105.0,27.8,29,0.0,6.6,0
Aswan,2026-06-30 07:00:00,24.077328,32.86624,Africa/Cairo,105.0,28.3,28,0.0,9.3,0
Aswan,2026-06-30 08:00:00,24.077328,32.86624,Africa/Cairo,105.0,30.7,24,0.0,9.9,0
Aswan,2026-06-30 09:00:00,24.077328,32.86624,Africa/Cairo,105.0,33.8,20,0.0,12.7,0
Aswan,2026-06-30 10:00:00,24.077328,32.86624,Africa/Cairo,105.0,36.1,17,0.0,15.7,0
Aswan,2026-06-30 11:00:00,24.077328,32.86624,Africa/Cairo,105.0,38.1,14,0.0,16.1,0
Aswan,2026-06-30 12:00:00,24.077328,32.86624,Africa/Cairo,105.0,39.3,12,0.0,15.0,0
Aswan,2026-06-30 13:00:00,24.077328,32.86624,Africa/Cairo,105.0,40.1,11,0.0,14.7,0
Aswan,2026-06-30 14:00:00,24.077328,32.86624,Africa/Cairo,105.0,40.7,11,0.0,15.4,0
Aswan,2026-06-30 15:00:00,24.077328,32.86624,Africa/Cairo,105.0,41.2,11,0.0,16.4,0
Aswan,2026-06-30 16:00:00,24.077328,32.86624,Africa/Cairo,105.0,41.0,11,0.0,18.9,0
Aswan,2026-06-30 17:00:00,24.077328,32.86624,Africa/Cairo,105.0,40.6,10,0.0,21.4,0
Aswan,2026-06-30 18:00:00,24.077328,32.86624,Africa/Cairo,105.0,39.8,11,0.0,22.2,0
Aswan,2026-06-30 19:00:00,24.077328,32.86624,Africa/Cairo,105.0,39.0,11,0.0,19.7,0
Aswan,2026-06-30 20:00:00,24.077328,32.86624,Africa/Cairo,105.0,37.7,13,0.0,15.4,0
Aswan,2026-06-30 21:00:00,24.077328,32.86624,Africa/Cairo,105.0,36.8,13,0.0,12.9,0
Aswan,2026-06-30 22:00:00,24.077328,32.86624,Africa/Cairo,105.0,35.3,14,0.0,12.0,0
Aswan,2026-06-30 23:00:00,24.077328,32.86624,Africa/Cairo,105.0,34.0,15,0.0,10.2,0
Aswan,2026-07-01 00:00:00,24.077328,32.86624,Africa/Cairo,105.0,32.8,16,0.0,11.6,0
Aswan,2026-07-01 01:00:00,24.077328,32.86624,Africa/Cairo,105.0,31.7,17,0.0,11.8,0
Aswan,2026-07-01 02:00:00,24.077328,32.86624,Africa/Cairo,105.0,30.9,16,0.0,13.3,0
Aswan,2026-07-01 03:00:00,24.077328,32.86624,Africa/Cairo,105.0,30.3,18,0.0,14.7,0
Aswan,2026-07-01 04:00:00,24.077328,32.86624,Africa/Cairo,105.0,29.6,20,0.0,15.0,0
Aswan,2026-07-01 05:00:00,24.077328,32.86624,Africa/Cairo,105.0,28.6,23,0.0,14.4,0
Aswan,2026-07-01 06:00:00,24.077328,32.86624,Africa/Cairo,105.0,27.6,25,0.0,13.2,0
Aswan,2026-07-01 07:00:00,24.077328,32.86624,Africa/Cairo,105.0,27.7,27,0.0,14.2,0
Aswan,2026-07-01 08:00:00,24.077328,32.86624,Africa/Cairo,105.0,29.7,25,0.0,15.1,0
Aswan,2026-07-01 09:00:00,24.077328,32.86624,Africa/Cairo,105.0,31.7,24,0.0,18.8,0
Aswan,2026-07-01 10:00:00,24.077328,32.86624,Africa/Cairo,105.0,33.9,22,0.0,21.5,0
Aswan,2026-07-01 11:00:00,24.077328,32.86624,Africa/Cairo,105.0,35.9,19,0.0,22.2,0
Aswan,2026-07-01 12:00:00,24.077328,32.86624,Africa/Cairo,105.0,37.7,16,0.0,21.7,0
Aswan,2026-07-01 13:00:00,24.077328,32.86624,Africa/Cairo,105.0,38.9,13,0.0,18.2,0
Aswan,2026-07-01 14:00:00,24.077328,32.86624,Africa/Cairo,105.0,39.7,12,0.0,16.2,0
Aswan,2026-07-01 15:00:00,24.077328,32.86624,Africa/Cairo,105.0,40.2,12,0.0,16.2,0
Aswan,2026-07-01 16:00:00,24.077328,32.86624,Africa/Cairo,105.0,40.2,12,0.0,17.5,0
Aswan,2026-07-01 17:00:00,24.077328,32.86624,Africa/Cairo,105.0,39.7,11,0.0,18.6,0
Aswan,2026-07-01 18:00:00,24.077328,32.86624,Africa/Cairo,105.0,39.1,11,0.0,18.0,0
Aswan,2026-07-01 19:00:00,24.077328,32.86624,Africa/Cairo,105.0,38.3,10,0.0,15.9,0
Aswan,2026-07-01 20:00:00,24.077328,32.86624,Africa/Cairo,105.0,36.9,10,0.0,12.5,0
Aswan,2026-07-01 21:00:00,24.077328,32.86624,Africa/Cairo,105.0,35.6,10,0.0,11.3,0
Aswan,2026-07-01 22:00:00,24.077328,32.86624,Africa/Cairo,105.0,34.2,11,0.0,10.1,0
Aswan,2026-07-01 23:00:00,24.077328,32.86624,Africa/Cairo,105.0,33.0,13,0.0,11.7,0
Aswan,2026-07-02 00:00:00,24.077328,32.86624,Africa/Cairo,105.0,32.3,15,0.0,15.7,1
Aswan,2026-07-02 01:00:00,24.077328,32.86624,Africa/Cairo,105.0,31.7,18,0.0,17.0,0
Aswan,2026-07-02 02:00:00,24.077328,32.86624,Africa/Cairo,105.0,30.9,19,0.0,17.7,0
Aswan,2026-07-02 03:00:00,24.077328,32.86624,Africa/Cairo,105.0,30.5,20,0.0,18.7,0
Aswan,2026-07-02 04:00:00,24.077328,32.86624,Africa/Cairo,105.0,29.7,22,0.0,18.3,2
Aswan,2026-07-02 05:00:00,24.077328,32.86624,Africa/Cairo,105.0,29.0,24,0.0,17.6,0
Aswan,2026-07-02 06:00:00,24.077328,32.86624,Africa/Cairo,105.0,28.1,26,0.0,17.3,0
Aswan,2026-07-02 07:00:00,24.077328,32.86624,Africa/Cairo,105.0,28.1,27,0.0,17.5,0
Aswan,2026-07-02 08:00:00,24.077328,32.86624,Africa/Cairo,105.0,29.8,25,0.0,17.3,0
Aswan,2026-07-02 09:00:00,24.077328,32.86624,Africa/Cairo,105.0,31.8,23,0.0,21.8,0
Aswan,2026-07-02 10:00:00,24.077328,32.86624,Africa/Cairo,105.0,33.9,20,0.0,22.7,0
Aswan,2026-07-02 11:00:00,24.077328,32.86624,Africa/Cairo,105.0,36.2,17,0.0,21.9,0
Aswan,2026-07-02 12:00:00,24.077328,32.86624,Africa/Cairo,105.0,38.0,15,0.0,20.5,0
Aswan,2026-07-02 13:00:00,24.077328,32.86624,Africa/Cairo,105.0,39.4,13,0.0,17.8,0
Aswan,2026-07-02 14:00:00,24.077328,32.86624,Africa/Cairo,105.0,40.3,11,0.0,15.5,0
Aswan,2026-07-02 15:00:00,24.077328,32.86624,Africa/Cairo,105.0,40.7,10,0.0,15.8,0
Aswan,2026-07-02 16:00:00,24.077328,32.86624,Africa/Cairo,105.0,40.7,9,0.0,15.1,0
Aswan,2026-07-02 17:00:00,24.077328,32.86624,Africa/Cairo,105.0,40.4,8,0.0,14.9,0
Aswan,2026-07-02 18:00:00,24.077328,32.86624,Africa/Cairo,105.0,39.7,8,0.0,15.7,0
Aswan,2026-07-02 19:00:00,24.077328,32.86624,Africa/Cairo,105.0,38.8,8,0.0,15.9,0
Aswan,2026-07-02 20:00:00,24.077328,32.86624,Africa/Cairo,105.0,37.3,9,0.0,14.7,0
Aswan,2026-07-02 21:00:00,24.077328,32.86624,Africa/Cairo,105.0,36.1,10,0.0,12.9,0
Aswan,2026-07-02 22:00:00,24.077328,32.86624,Africa/Cairo,105.0,34.8,10,0.0,14.6,0
Aswan,2026-07-02 23:00:00,24.077328,32.86624,Africa/Cairo,105.0,33.7,11,0.0,15.8,0
Aswan,2026-07-03 00:00:00,24.077328,32.86624,Africa/Cairo,105.0,32.6,13,0.0,17.2,0
Aswan,2026-07-03 01:00:00,24.077328,32.86624,Africa/Cairo,105.0,31.7,14,0.0,17.7,0
Aswan,2026-07-03 02:00:00,24.077328,32.86624,Africa/Cairo,105.0,30.7,16,0.0,17.3,0
Aswan,2026-07-03 03:00:00,24.077328,32.86624,Africa/Cairo,105.0,29.8,20,0.0,15.9,0
Aswan,2026-07-03 04:00:00,24.077328,32.86624,Africa/Cairo,105.0,28.9,24,0.0,14.5,0
Aswan,2026-07-03 05:00:00,24.077328,32.86624,Africa/Cairo,105.0,28.1,27,0.0,13.4,0
Aswan,2026-07-03 06:00:00,24.077328,32.86624,Africa/Cairo,105.0,27.4,30,0.0,12.4,0
Aswan,2026-07-03 07:00:00,24.077328,32.86624,Africa/Cairo,105.0,27.5,31,0.0,13.2,0
Aswan,2026-07-03 08:00:00,24.077328,32.86624,Africa/Cairo,105.0,29.5,28,0.0,13.9,1
Aswan,2026-07-03 09:00:00,24.077328,32.86624,Africa/Cairo,105.0,31.6,26,0.0,17.7,1
Aswan,2026-07-03 10:00:00,24.077328,32.86624,Africa/Cairo,105.0,33.8,24,0.0,19.0,2
Aswan,2026-07-03 11:00:00,24.077328,32.86624,Africa/Cairo,105.0,36.0,20,0.0,18.3,2
Aswan,2026-07-03 12:00:00,24.077328,32.86624,Africa/Cairo,105.0,38.0,16,0.0,16.8,3
Aswan,2026-07-03 13:00:00,24.077328,32.86624,Africa/Cairo,105.0,39.4,14,0.0,14.6,0
Aswan,2026-07-03 14:00:00,24.077328,32.86624,Africa/Cairo,105.0,40.1,13,0.0,13.9,0
Aswan,2026-07-03 15:00:00,24.077328,32.86624,Africa/Cairo,105.0,40.5,12,0.0,13.2,0
Aswan,2026-07-03 16:00:00,24.077328,32.86624,Africa/Cairo,105.0,40.7,13,0.0,12.0,0
Aswan,2026-07-03 17:00:00,24.077328,32.86624,Africa/Cairo,105.0,40.5,13,0.0,11.2,0
Aswan,2026-07-03 18:00:00,24.077328,32.86624,Africa/Cairo,105.0,40.2,13,0.0,11.2,0
Aswan,2026-07-03 19:00:00,24.077328,32.86624,Africa/Cairo,105.0,39.7,13,0.0,10.9,0
Aswan,2026-07-03 20:00:00,24.077328,32.86624,Africa/Cairo,105.0,38.2,14,0.0,9.7,0
Aswan,2026-07-03 21:00:00,24.077328,32.86624,Africa/Cairo,105.0,36.8,14,0.0,13.1,1
Aswan,2026-07-03 22:00:00,24.077328,32.86624,Africa/Cairo,105.0,35.7,13,0.0,14.1,1
Aswan,2026-07-03 23:00:00,24.077328,32.86624,Africa/Cairo,105.0,34.7,13,0.0,14.0,0
Aswan,2026-07-04 00:00:00,24.077328,32.86624,Africa/Cairo,105.0,33.6,15,0.0,15.0,0
Aswan,2026-07-04 01:00:00,24.077328,32.86624,Africa/Cairo,105.0,32.6,18,0.0,16.2,0
Aswan,2026-07-04 02:00:00,24.077328,32.86624,Africa/Cairo,105.0,31.5,20,0.0,16.7,0
Aswan,2026-07-04 03:00:00,24.077328,32.86624,Africa/Cairo,105.0,30.4,21,0.0,14.8,0
Aswan,2026-07-04 04:00:00,24.077328,32.86624,Africa/Cairo,105.0,29.4,22,0.0,13.4,0
Aswan,2026-07-04 05:00:00,24.077328,32.86624,Africa/Cairo,105.0,28.7,24,0.0,13.9,0
Aswan,2026-07-04 06:00:00,24.077328,32.86624,Africa/Cairo,105.0,28.0,28,0.0,14.9,0
Aswan,2026-07-04 07:00:00,24.077328,32.86624,Africa/Cairo,105.0,28.1,30,0.0,14.8,0
Aswan,2026-07-04 08:00:00,24.077328,32.86624,Africa/Cairo,105.0,30.0,27,0.0,13.5,0
Aswan,2026-07-04 09:00:00,24.077328,32.86624,Africa/Cairo,105.0,32.4,24,0.0,17.7,0
Aswan,2026-07-04 10:00:00,24.077328,32.86624,Africa/Cairo,105.0,34.3,22,0.0,19.7,0
Aswan,2026-07-04 11:00:00,24.077328,32.86624,Africa/Cairo,105.0,36.4,19,0.0,18.4,0
Aswan,2026-07-04 12:00:00,24.077328,32.86624,Africa/Cairo,105.0,38.1,16,0.0,15.6,0
Aswan,2026-07-04 13:00:00,24.077328,32.86624,Africa/Cairo,105.0,39.2,14,0.0,13.5,0
Aswan,2026-07-04 14:00:00,24.077328,32.86624,Africa/Cairo,105.0,39.9,13,0.0,12.7,0
Aswan,2026-07-04 15:00:00,24.077328,32.86624,Africa/Cairo,105.0,40.4,13,0.0,12.9,0
Aswan,2026-07-04 16:00:00,24.077328,32.86624,Africa/Cairo,105.0,40.7,13,0.0,12.7,0
Aswan,2026-07-04 17:00:00,24.077328,32.86624,Africa/Cairo,105.0,40.7,13,0.0,11.3,0
Aswan,2026-07-04 18:00:00,24.077328,32.86624,Africa/Cairo,105.0,40.4,11,0.0,11.2,0
Aswan,2026-07-04 19:00:00,24.077328,32.86624,Africa/Cairo,105.0,39.6,11,0.0,12.9,0
Aswan,2026-07-04 20:00:00,24.077328,32.86624,Africa/Cairo,105.0,38.2,12,0.0,12.3,0
Aswan,2026-07-04 21:00:00,24.077328,32.86624,Africa/Cairo,105.0,37.1,13,0.0,10.9,0
Aswan,2026-07-04 22:00:00,24.077328,32.86624,Africa/Cairo,105.0,35.9,15,0.0,11.7,0
Aswan,2026-07-04 23:00:00,24.077328,32.86624,Africa/Cairo,105.0,34.8,17,0.0,12.9,0
Aswan,2026-07-05 00:00:00,24.077328,32.86624,Africa/Cairo,105.0,33.7,19,0.0,13.9,0
Aswan,2026-07-05 01:00:00,24.077328,32.86624,Africa/Cairo,105.0,32.7,22,0.0,14.5,0
Aswan,2026-07-05 02:00:00,24.077328,32.86624,Africa/Cairo,105.0,31.8,25,0.0,14.6,0
Aswan,2026-07-05 03:00:00,24.077328,32.86624,Africa/Cairo,105.0,30.9,27,0.0,14.5,0
Aswan,2026-07-05 04:00:00,24.077328,32.86624,Africa/Cairo,105.0,29.8,30,0.0,13.6,0
Aswan,2026-07-05 05:00:00,24.077328,32.86624,Africa/Cairo,105.0,28.8,32,0.0,12.6,0
Aswan,2026-07-05 06:00:00,24.077328,32.86624,Africa/Cairo,105.0,28.5,32,0.0,12.5,0
Aswan,2026-07-05 07:00:00,24.077328,32.86624,Africa/Cairo,105.0,29.5,30,0.0,14.1,0
Aswan,2026-07-05 08:00:00,24.077328,32.86624,Africa/Cairo,105.0,31.3,27,0.0,16.2,0
Aswan,2026-07-05 09:00:00,24.077328,32.86624,Africa/Cairo,105.0,33.2,23,0.0,17.6,0
Aswan,2026-07-05 10:00:00,24.077328,32.86624,Africa/Cairo,105.0,35.1,20,0.0,17.4,0
Aswan,2026-07-05 11:00:00,24.077328,32.86624,Africa/Cairo,105.0,37.1,18,0.0,16.3,0
Aswan,2026-07-05 12:00:00,24.077328,32.86624,Africa/Cairo,105.0,38.7,16,0.0,15.4,0
Aswan,2026-07-05 13:00:00,24.077328,32.86624,Africa/Cairo,105.0,39.8,15,0.0,14.8,0
Aswan,2026-07-05 14:00:00,24.077328,32.86624,Africa/Cairo,105.0,40.5,14,0.0,14.7,0
Aswan,2026-07-05 15:00:00,24.077328,32.86624,Africa/Cairo,105.0,40.9,14,0.0,14.9,0
Aswan,2026-07-05 16:00:00,24.077328,32.86624,Africa/Cairo,105.0,41.1,14,0.0,15.0,0
Aswan,2026-07-05 17:00:00,24.077328,32.86624,Africa/Cairo,105.0,41.0,13,0.0,15.1,0
Aswan,2026-07-05 18:00:00,24.077328,32.86624,Africa/Cairo,105.0,40.6,13,0.0,14.5,0
Aswan,2026-07-05 19:00:00,24.077328,32.86624,Africa/Cairo,105.0,39.7,14,0.0,12.5,0
Aswan,2026-07-05 20:00:00,24.077328,32.86624,Africa/Cairo,105.0,38.5,14,0.0,10.3,0
Aswan,2026-07-05 21:00:00,24.077328,32.86624,Africa/Cairo,105.0,37.3,15,0.0,9.4,0
Aswan,2026-07-05 22:00:00,24.077328,32.86624,Africa/Cairo,105.0,36.2,15,0.0,10.1,0
Aswan,2026-07-05 23:00:00,24.077328,32.86624,Africa/Cairo,105.0,35.2,15,0.0,11.9,0
Aswan,2026-07-06 00:00:00,24.077328,32.86624,Africa/Cairo,105.0,34.2,16,0.0,13.8,0
Aswan,2026-07-06 01:00:00,24.077328,32.86624,Africa/Cairo,105.0,33.4,19,0.0,14.8,0
Aswan,2026-07-06 02:00:00,24.077328,32.86624,Africa/Cairo,105.0,32.6,24,0.0,15.3,0
Aswan,2026-07-06 03:00:00,24.077328,32.86624,Africa/Cairo,105.0,31.8,28,0.0,15.6,0
Aswan,2026-07-06 04:00:00,24.077328,32.86624,Africa/Cairo,105.0,30.8,31,0.0,15.7,0
Aswan,2026-07-06 05:00:00,24.077328,32.86624,Africa/Cairo,105.0,29.7,33,0.0,15.7,0
Aswan,2026-07-06 06:00:00,24.077328,32.86624,Africa/Cairo,105.0,29.4,33,0.0,15.4,0
Aswan,2026-07-06 07:00:00,24.077328,32.86624,Africa/Cairo,105.0,30.4,32,0.0,14.4,0
Aswan,2026-07-06 08:00:00,24.077328,32.86624,Africa/Cairo,105.0,32.1,29,0.0,13.2,0
Aswan,2026-07-06 09:00:00,24.077328,32.86624,Africa/Cairo,105.0,33.9,26,0.0,12.9,0
Aswan,2026-07-06 10:00:00,24.077328,32.86624,Africa/Cairo,105.0,35.7,23,0.0,14.0,0
Aswan,2026-07-06 11:00:00,24.077328,32.86624,Africa/Cairo,105.0,37.7,20,0.0,16.3,0
Aswan,2026-07-06 12:00:00,24.077328,32.86624,Africa/Cairo,105.0,39.2,18,0.0,17.7,0
Aswan,2026-07-06 13:00:00,24.077328,32.86624,Africa/Cairo,105.0,40.3,16,0.0,17.2,0
Aswan,2026-07-06 14:00:00,24.077328,32.86624,Africa/Cairo,105.0,41.0,15,0.0,16.3,0
Aswan,2026-07-06 15:00:00,24.077328,32.86624,Africa/Cairo,105.0,41.4,14,0.0,15.6,0
Aswan,2026-07-06 16:00:00,24.077328,32.86624,Africa/Cairo,105.0,41.7,13,0.0,15.3,0
Aswan,2026-07-06 17:00:00,24.077328,32.86624,Africa/Cairo,105.0,41.8,13,0.0,15.1,0
Aswan,2026-07-06 18:00:00,24.077328,32.86624,Africa/Cairo,105.0,41.5,13,0.0,15.2,0
Aswan,2026-07-06 19:00:00,24.077328,32.86624,Africa/Cairo,105.0,40.6,14,0.0,16.2,0
Aswan,2026-07-06 20:00:00,24.077328,32.86624,Africa/Cairo,105.0,39.3,16,0.0,18.1,0
Aswan,2026-07-06 21:00:00,24.077328,32.86624,Africa/Cairo,105.0,38.1,17,0.0,19.6,0
Aswan,2026-07-06 22:00:00,24.077328,32.86624,Africa/Cairo,105.0,37.1,19,0.0,20.5,0
Aswan,2026-07-06 23:00:00,24.077328,32.86624,Africa/Cairo,105.0,36.3,20,0.0,21.1,0
Aswan,2026-07-07 00:00:00,24.077328,32.86624,Africa/Cairo,105.0,35.4,21,0.0,20.7,0
Aswan,2026-07-07 01:00:00,24.077328,32.86624,Africa/Cairo,105.0,33.9,23,0.0,16.2,0
Aswan,2026-07-07 02:00:00,24.077328,32.86624,Africa/Cairo,105.0,33.1,24,0.0,15.0,0
Aswan,2026-07-07 03:00:00,24.077328,32.86624,Africa/Cairo,105.0,32.5,25,0.0,13.9,0
Aswan,2026-07-07 04:00:00,24.077328,32.86624,Africa/Cairo,105.0,32.3,26,0.0,12.8,0
Aswan,2026-07-07 05:00:00,24.077328,32.86624,Africa/Cairo,105.0,32.3,26,0.0,11.8,0
Aswan,2026-07-07 06:00:00,24.077328,32.86624,Africa/Cairo,105.0,32.5,25,0.0,10.6,0
Aswan,2026-07-07 07:00:00,24.077328,32.86624,Africa/Cairo,105.0,32.9,25,0.0,9.6,0
Aswan,2026-07-07 08:00:00,24.077328,32.86624,Africa/Cairo,105.0,33.5,24,0.0,8.9,0
Aswan,2026-07-07 09:00:00,24.077328,32.86624,Africa/Cairo,105.0,34.2,23,0.0,8.6,0
Aswan,2026-07-07 10:00:00,24.077328,32.86624,Africa/Cairo,105.0,35.2,22,0.0,8.8,0
Aswan,2026-07-07 11:00:00,24.077328,32.86624,Africa/Cairo,105.0,36.7,20,0.0,10.0,0
Aswan,2026-07-07 12:00:00,24.077328,32.86624,Africa/Cairo,105.0,38.3,18,0.0,12.1,0
Aswan,2026-07-07 13:00:00,24.077328,32.86624,Africa/Cairo,105.0,39.8,16,0.0,14.4,0
Aswan,2026-07-07 14:00:00,24.077328,32.86624,Africa/Cairo,105.0,41.0,15,0.0,16.4,0
Aswan,2026-07-07 15:00:00,24.077328,32.86624,Africa/Cairo,105.0,41.7,15,0.0,17.9,0
Aswan,2026-07-07 16:00:00,24.077328,32.86624,Africa/Cairo,105.0,41.8,15,0.0,18.5,0
Aswan,2026-07-07 17:00:00,24.077328,32.86624,Africa/Cairo,105.0,41.6,15,0.0,18.6,0
Aswan,2026-07-07 18:00:00,24.077328,32.86624,Africa/Cairo,105.0,41.0,15,0.0,18.3,0
Aswan,2026-07-07 19:00:00,24.077328,32.86624,Africa/Cairo,105.0,40.2,16,0.0,17.9,0
Aswan,2026-07-07 20:00:00,24.077328,32.86624,Africa/Cairo,105.0,39.3,17,0.0,17.5,0
Aswan,2026-07-07 21:00:00,24.077328,32.86624,Africa/Cairo,105.0,38.5,17,0.0,17.2,0
Aswan,2026-07-07 22:00:00,24.077328,32.86624,Africa/Cairo,105.0,37.6,18,0.0,16.9,0
Aswan,2026-07-07 23:00:00,24.077328,32.86624,Africa/Cairo,105.0,36.5,20,0.0,16.8,0
Cairo,2026-06-30 00:00:00,30.0625,31.25,Africa/Cairo,22.0,28.1,49,0.0,10.0,0
Cairo,2026-06-30 01:00:00,30.0625,31.25,Africa/Cairo,22.0,27.0,58,0.0,8.8,0
Cairo,2026-06-30 02:00:00,30.0625,31.25,Africa/Cairo,22.0,26.0,66,0.0,8.0,0
Cairo,2026-06-30 03:00:00,30.0625,31.25,Africa/Cairo,22.0,25.3,71,0.0,8.0,0
Cairo,2026-06-30 04:00:00,30.0625,31.25,Africa/Cairo,22.0,24.6,76,0.0,7.6,0
Cairo,2026-06-30 05:00:00,30.0625,31.25,Africa/Cairo,22.0,24.0,80,0.0,7.2,0
Cairo,2026-06-30 06:00:00,30.0625,31.25,Africa/Cairo,22.0,23.4,84,0.0,7.2,1
Cairo,2026-06-30 07:00:00,30.0625,31.25,Africa/Cairo,22.0,23.3,85,0.0,7.2,1
Cairo,2026-06-30 08:00:00,30.0625,31.25,Africa/Cairo,22.0,24.2,80,0.0,7.6,1
Cairo,2026-06-30 09:00:00,30.0625,31.25,Africa/Cairo,22.0,26.6,69,0.0,7.7,1
Cairo,2026-06-30 10:00:00,30.0625,31.25,Africa/Cairo,22.0,28.9,58,0.0,7.7,0
Cairo,2026-06-30 11:00:00,30.0625,31.25,Africa/Cairo,22.0,31.4,45,0.0,7.8,0
Cairo,2026-06-30 12:00:00,30.0625,31.25,Africa/Cairo,22.0,34.0,32,0.0,9.2,0
Cairo,2026-06-30 13:00:00,30.0625,31.25,Africa/Cairo,22.0,35.6,27,0.0,10.3,0
Cairo,2026-06-30 14:00:00,30.0625,31.25,Africa/Cairo,22.0,36.8,24,0.0,10.9,0
Cairo,2026-06-30 15:00:00,30.0625,31.25,Africa/Cairo,22.0,37.0,24,0.0,10.7,1
Cairo,2026-06-30 16:00:00,30.0625,31.25,Africa/Cairo,22.0,37.6,22,0.0,11.6,0
Cairo,2026-06-30 17:00:00,30.0625,31.25,Africa/Cairo,22.0,37.5,24,0.0,12.1,1
Cairo,2026-06-30 18:00:00,30.0625,31.25,Africa/Cairo,22.0,36.8,26,0.0,11.9,2
Cairo,2026-06-30 19:00:00,30.0625,31.25,Africa/Cairo,22.0,35.5,28,0.0,15.1,1
Cairo,2026-06-30 20:00:00,30.0625,31.25,Africa/Cairo,22.0,33.4,32,0.0,14.9,1
Cairo,2026-06-30 21:00:00,30.0625,31.25,Africa/Cairo,22.0,31.5,37,0.0,11.1,0
Cairo,2026-06-30 22:00:00,30.0625,31.25,Africa/Cairo,22.0,29.7,45,0.0,10.8,0
Cairo,2026-06-30 23:00:00,30.0625,31.25,Africa/Cairo,22.0,28.0,55,0.0,9.7,0
Cairo,2026-07-01 00:00:00,30.0625,31.25,Africa/Cairo,22.0,26.5,60,0.0,7.9,0
Cairo,2026-07-01 01:00:00,30.0625,31.25,Africa/Cairo,22.0,25.4,66,0.0,6.5,0
Cairo,2026-07-01 02:00:00,30.0625,31.25,Africa/Cairo,22.0,24.5,71,0.0,5.0,0
Cairo,2026-07-01 03:00:00,30.0625,31.25,Africa/Cairo,22.0,23.9,74,0.0,4.7,0
Cairo,2026-07-01 04:00:00,30.0625,31.25,Africa/Cairo,22.0,23.3,77,0.0,4.3,0
Cairo,2026-07-01 05:00:00,30.0625,31.25,Africa/Cairo,22.0,22.9,79,0.0,3.6,0
Cairo,2026-07-01 06:00:00,30.0625,31.25,Africa/Cairo,22.0,22.5,80,0.0,3.2,1
Cairo,2026-07-01 07:00:00,30.0625,31.25,Africa/Cairo,22.0,22.8,80,0.0,3.2,1
Cairo,2026-07-01 08:00:00,30.0625,31.25,Africa/Cairo,22.0,24.1,76,0.0,4.7,0
Cairo,2026-07-01 09:00:00,30.0625,31.25,Africa/Cairo,22.0,26.2,67,0.0,5.4,0
Cairo,2026-07-01 10:00:00,30.0625,31.25,Africa/Cairo,22.0,28.4,57,0.0,5.9,0
Cairo,2026-07-01 11:00:00,30.0625,31.25,Africa/Cairo,22.0,30.9,46,0.0,7.4,0
Cairo,2026-07-01 12:00:00,30.0625,31.25,Africa/Cairo,22.0,33.2,38,0.0,8.2,0
Cairo,2026-07-01 13:00:00,30.0625,31.25,Africa/Cairo,22.0,35.1,32,0.0,9.0,0
Cairo,2026-07-01 14:00:00,30.0625,31.25,Africa/Cairo,22.0,36.8,25,0.0,10.9,0
Cairo,2026-07-01 15:00:00,30.0625,31.25,Africa/Cairo,22.0,37.5,25,0.0,11.3,1
Cairo,2026-07-01 16:00:00,30.0625,31.25,Africa/Cairo,22.0,38.1,22,0.0,12.0,1
Cairo,2026-07-01 17:00:00,30.0625,31.25,Africa/Cairo,22.0,38.1,22,0.0,12.7,1
Cairo,2026-07-01 18:00:00,30.0625,31.25,Africa/Cairo,22.0,37.6,19,0.0,14.1,1
Cairo,2026-07-01 19:00:00,30.0625,31.25,Africa/Cairo,22.0,36.3,16,0.0,15.6,0
Cairo,2026-07-01 20:00:00,30.0625,31.25,Africa/Cairo,22.0,34.1,19,0.0,14.7,0
Cairo,2026-07-01 21:00:00,30.0625,31.25,Africa/Cairo,22.0,32.1,23,0.0,13.4,0
Cairo,2026-07-01 22:00:00,30.0625,31.25,Africa/Cairo,22.0,30.2,32,0.0,10.8,0
Cairo,2026-07-01 23:00:00,30.0625,31.25,Africa/Cairo,22.0,28.4,45,0.0,9.3,0
Cairo,2026-07-02 00:00:00,30.0625,31.25,Africa/Cairo,22.0,27.0,57,0.0,7.8,0
Cairo,2026-07-02 01:00:00,30.0625,31.25,Africa/Cairo,22.0,25.9,66,0.0,6.2,1
Cairo,2026-07-02 02:00:00,30.0625,31.25,Africa/Cairo,22.0,24.9,73,0.0,5.8,0
Cairo,2026-07-02 03:00:00,30.0625,31.25,Africa/Cairo,22.0,24.2,77,0.0,5.1,1
Cairo,2026-07-02 04:00:00,30.0625,31.25,Africa/Cairo,22.0,23.5,81,0.0,4.7,1
Cairo,2026-07-02 05:00:00,30.0625,31.25,Africa/Cairo,22.0,23.2,85,0.0,5.4,2
Cairo,2026-07-02 06:00:00,30.0625,31.25,Africa/Cairo,22.0,23.1,88,0.0,5.9,2
Cairo,2026-07-02 07:00:00,30.0625,31.25,Africa/Cairo,22.0,23.4,87,0.0,6.4,2
Cairo,2026-07-02 08:00:00,30.0625,31.25,Africa/Cairo,22.0,24.4,79,0.0,8.4,2
Cairo,2026-07-02 09:00:00,30.0625,31.25,Africa/Cairo,22.0,25.8,73,0.0,7.2,2
Cairo,2026-07-02 10:00:00,30.0625,31.25,Africa/Cairo,22.0,27.6,64,0.0,6.5,1
Cairo,2026-07-02 11:00:00,30.0625,31.25,Africa/Cairo,22.0,29.5,57,0.0,6.4,1
Cairo,2026-07-02 12:00:00,30.0625,31.25,Africa/Cairo,22.0,31.5,49,0.0,6.3,1
Cairo,2026-07-02 13:00:00,30.0625,31.25,Africa/Cairo,22.0,33.4,40,0.0,8.4,1
Cairo,2026-07-02 14:00:00,30.0625,31.25,Africa/Cairo,22.0,34.8,35,0.0,9.6,1
Cairo,2026-07-02 15:00:00,30.0625,31.25,Africa/Cairo,22.0,35.9,35,0.0,10.6,1
Cairo,2026-07-02 16:00:00,30.0625,31.25,Africa/Cairo,22.0,36.6,34,0.0,10.4,2
Cairo,2026-07-02 17:00:00,30.0625,31.25,Africa/Cairo,22.0,36.7,32,0.0,12.1,2
Cairo,2026-07-02 18:00:00,30.0625,31.25,Africa/Cairo,22.0,36.3,32,0.0,14.2,2
Cairo,2026-07-02 19:00:00,30.0625,31.25,Africa/Cairo,22.0,35.0,31,0.0,14.8,1
Cairo,2026-07-02 20:00:00,30.0625,31.25,Africa/Cairo,22.0,33.0,33,0.0,15.1,0
Cairo,2026-07-02 21:00:00,30.0625,31.25,Africa/Cairo,22.0,31.1,39,0.0,13.3,0
Cairo,2026-07-02 22:00:00,30.0625,31.25,Africa/Cairo,22.0,29.5,47,0.0,11.3,0
Cairo,2026-07-02 23:00:00,30.0625,31.25,Africa/Cairo,22.0,28.1,55,0.0,9.1,0
Cairo,2026-07-03 00:00:00,30.0625,31.25,Africa/Cairo,22.0,26.9,63,0.0,7.6,0
Cairo,2026-07-03 01:00:00,30.0625,31.25,Africa/Cairo,22.0,26.0,69,0.0,6.5,1
Cairo,2026-07-03 02:00:00,30.0625,31.25,Africa/Cairo,22.0,25.1,77,0.0,6.6,2
Cairo,2026-07-03 03:00:00,30.0625,31.25,Africa/Cairo,22.0,24.5,84,0.0,7.3,2
Cairo,2026-07-03 04:00:00,30.0625,31.25,Africa/Cairo,22.0,24.4,84,0.0,7.6,2
Cairo,2026-07-03 05:00:00,30.0625,31.25,Africa/Cairo,22.0,24.2,83,0.0,7.3,2
Cairo,2026-07-03 06:00:00,30.0625,31.25,Africa/Cairo,22.0,24.0,82,0.0,7.0,2
Cairo,2026-07-03 07:00:00,30.0625,31.25,Africa/Cairo,22.0,24.1,80,0.0,7.8,2
Cairo,2026-07-03 08:00:00,30.0625,31.25,Africa/Cairo,22.0,24.9,76,0.0,7.5,2
Cairo,2026-07-03 09:00:00,30.0625,31.25,Africa/Cairo,22.0,26.2,69,0.0,7.4,1
Cairo,2026-07-03 10:00:00,30.0625,31.25,Africa/Cairo,22.0,27.9,63,0.0,6.9,1
Cairo,2026-07-03 11:00:00,30.0625,31.25,Africa/Cairo,22.0,30.0,54,0.0,6.7,1
Cairo,2026-07-03 12:00:00,30.0625,31.25,Africa/Cairo,22.0,31.9,48,0.0,6.1,1
Cairo,2026-07-03 13:00:00,30.0625,31.25,Africa/Cairo,22.0,33.9,39,0.0,7.5,0
Cairo,2026-07-03 14:00:00,30.0625,31.25,Africa/Cairo,22.0,35.3,30,0.0,8.3,0
Cairo,2026-07-03 15:00:00,30.0625,31.25,Africa/Cairo,22.0,36.2,28,0.0,9.2,1
Cairo,2026-07-03 16:00:00,30.0625,31.25,Africa/Cairo,22.0,36.7,29,0.0,10.5,1
Cairo,2026-07-03 17:00:00,30.0625,31.25,Africa/Cairo,22.0,36.6,32,0.0,11.0,2
Cairo,2026-07-03 18:00:00,30.0625,31.25,Africa/Cairo,22.0,36.2,32,0.0,10.2,2
Cairo,2026-07-03 19:00:00,30.0625,31.25,Africa/Cairo,22.0,35.4,35,0.0,13.0,2
Cairo,2026-07-03 20:00:00,30.0625,31.25,Africa/Cairo,22.0,34.1,35,0.0,13.0,1
Cairo,2026-07-03 21:00:00,30.0625,31.25,Africa/Cairo,22.0,32.4,35,0.0,12.1,0
Cairo,2026-07-03 22:00:00,30.0625,31.25,Africa/Cairo,22.0,30.6,42,0.0,10.4,0
Cairo,2026-07-03 23:00:00,30.0625,31.25,Africa/Cairo,22.0,29.1,49,0.0,8.4,0
Cairo,2026-07-04 00:00:00,30.0625,31.25,Africa/Cairo,22.0,27.8,55,0.0,6.5,0
Cairo,2026-07-04 01:00:00,30.0625,31.25,Africa/Cairo,22.0,26.7,61,0.0,5.8,0
Cairo,2026-07-04 02:00:00,30.0625,31.25,Africa/Cairo,22.0,25.8,68,0.0,5.4,0
Cairo,2026-07-04 03:00:00,30.0625,31.25,Africa/Cairo,22.0,25.0,75,0.0,5.1,0
Cairo,2026-07-04 04:00:00,30.0625,31.25,Africa/Cairo,22.0,24.4,82,0.0,4.7,1
Cairo,2026-07-04 05:00:00,30.0625,31.25,Africa/Cairo,22.0,24.0,86,0.0,3.8,2
Cairo,2026-07-04 06:00:00,30.0625,31.25,Africa/Cairo,22.0,23.9,88,0.0,3.2,2
Cairo,2026-07-04 07:00:00,30.0625,31.25,Africa/Cairo,22.0,24.3,85,0.0,2.9,2
Cairo,2026-07-04 08:00:00,30.0625,31.25,Africa/Cairo,22.0,25.1,80,0.0,4.2,2
Cairo,2026-07-04 09:00:00,30.0625,31.25,Africa/Cairo,22.0,26.7,72,0.0,4.4,2
Cairo,2026-07-04 10:00:00,30.0625,31.25,Africa/Cairo,22.0,28.5,64,0.0,5.4,1
Cairo,2026-07-04 11:00:00,30.0625,31.25,Africa/Cairo,22.0,30.8,53,0.0,6.5,1
Cairo,2026-07-04 12:00:00,30.0625,31.25,Africa/Cairo,22.0,33.0,44,0.0,7.9,0
Cairo,2026-07-04 13:00:00,30.0625,31.25,Africa/Cairo,22.0,34.9,36,0.0,9.9,0
Cairo,2026-07-04 14:00:00,30.0625,31.25,Africa/Cairo,22.0,36.2,31,0.0,10.9,0
Cairo,2026-07-04 15:00:00,30.0625,31.25,Africa/Cairo,22.0,37.2,29,0.0,11.3,1
Cairo,2026-07-04 16:00:00,30.0625,31.25,Africa/Cairo,22.0,37.7,28,0.0,11.6,2
Cairo,2026-07-04 17:00:00,30.0625,31.25,Africa/Cairo,22.0,37.7,29,0.0,12.0,2
Cairo,2026-07-04 18:00:00,30.0625,31.25,Africa/Cairo,22.0,37.2,31,0.0,12.2,2
Cairo,2026-07-04 19:00:00,30.0625,31.25,Africa/Cairo,22.0,36.0,33,0.0,12.7,0
Cairo,2026-07-04 20:00:00,30.0625,31.25,Africa/Cairo,22.0,34.3,36,0.0,12.9,0
Cairo,2026-07-04 21:00:00,30.0625,31.25,Africa/Cairo,22.0,32.6,40,0.0,12.8,0
Cairo,2026-07-04 22:00:00,30.0625,31.25,Africa/Cairo,22.0,31.0,46,0.0,12.0,0
Cairo,2026-07-04 23:00:00,30.0625,31.25,Africa/Cairo,22.0,29.3,54,0.0,10.1,0
Cairo,2026-07-05 00:00:00,30.0625,31.25,Africa/Cairo,22.0,27.8,61,0.0,8.7,0
Cairo,2026-07-05 01:00:00,30.0625,31.25,Africa/Cairo,22.0,26.7,69,0.0,7.2,1
Cairo,2026-07-05 02:00:00,30.0625,31.25,Africa/Cairo,22.0,25.8,76,0.0,5.8,1
Cairo,2026-07-05 03:00:00,30.0625,31.25,Africa/Cairo,22.0,25.1,82,0.0,4.7,1
Cairo,2026-07-05 04:00:00,30.0625,31.25,Africa/Cairo,22.0,24.6,86,0.0,3.8,2
Cairo,2026-07-05 05:00:00,30.0625,31.25,Africa/Cairo,22.0,24.2,88,0.0,2.9,2
Cairo,2026-07-05 06:00:00,30.0625,31.25,Africa/Cairo,22.0,24.2,88,0.0,2.1,2
Cairo,2026-07-05 07:00:00,30.0625,31.25,Africa/Cairo,22.0,24.7,85,0.0,1.9,2
Cairo,2026-07-05 08:00:00,30.0625,31.25,Africa/Cairo,22.0,25.5,79,0.0,4.1,2
Cairo,2026-07-05 09:00:00,30.0625,31.25,Africa/Cairo,22.0,26.7,72,0.0,5.6,2
Cairo,2026-07-05 10:00:00,30.0625,31.25,Africa/Cairo,22.0,28.5,64,0.0,5.7,1
Cairo,2026-07-05 11:00:00,30.0625,31.25,Africa/Cairo,22.0,30.7,55,0.0,5.4,1
Cairo,2026-07-05 12:00:00,30.0625,31.25,Africa/Cairo,22.0,32.7,46,0.0,5.8,1
Cairo,2026-07-05 13:00:00,30.0625,31.25,Africa/Cairo,22.0,34.4,38,0.0,6.8,0
Cairo,2026-07-05 14:00:00,30.0625,31.25,Africa/Cairo,22.0,35.8,30,0.0,8.3,0
Cairo,2026-07-05 15:00:00,30.0625,31.25,Africa/Cairo,22.0,36.9,25,0.0,9.4,0
Cairo,2026-07-05 16:00:00,30.0625,31.25,Africa/Cairo,22.0,37.4,23,0.0,10.4,0
Cairo,2026-07-05 17:00:00,30.0625,31.25,Africa/Cairo,22.0,37.5,23,0.0,11.0,0
Cairo,2026-07-05 18:00:00,30.0625,31.25,Africa/Cairo,22.0,37.2,25,0.0,11.5,0
Cairo,2026-07-05 19:00:00,30.0625,31.25,Africa/Cairo,22.0,36.1,28,0.0,11.5,0
Cairo,2026-07-05 20:00:00,30.0625,31.25,Africa/Cairo,22.0,34.6,32,0.0,10.8,0
Cairo,2026-07-05 21:00:00,30.0625,31.25,Africa/Cairo,22.0,33.1,37,0.0,10.5,0
Cairo,2026-07-05 22:00:00,30.0625,31.25,Africa/Cairo,22.0,31.7,44,0.0,9.3,0
Cairo,2026-07-05 23:00:00,30.0625,31.25,Africa/Cairo,22.0,30.3,51,0.0,7.6,0
Cairo,2026-07-06 00:00:00,30.0625,31.25,Africa/Cairo,22.0,29.0,58,0.0,7.0,0
Cairo,2026-07-06 01:00:00,30.0625,31.25,Africa/Cairo,22.0,27.9,64,0.0,6.6,0
Cairo,2026-07-06 02:00:00,30.0625,31.25,Africa/Cairo,22.0,27.0,69,0.0,6.8,0
Cairo,2026-07-06 03:00:00,30.0625,31.25,Africa/Cairo,22.0,26.2,74,0.0,6.5,0
Cairo,2026-07-06 04:00:00,30.0625,31.25,Africa/Cairo,22.0,25.4,79,0.0,5.8,0
Cairo,2026-07-06 05:00:00,30.0625,31.25,Africa/Cairo,22.0,24.7,84,0.0,4.3,0
Cairo,2026-07-06 06:00:00,30.0625,31.25,Africa/Cairo,22.0,24.6,86,0.0,3.6,0
Cairo,2026-07-06 07:00:00,30.0625,31.25,Africa/Cairo,22.0,25.2,82,0.0,3.3,2
Cairo,2026-07-06 08:00:00,30.0625,31.25,Africa/Cairo,22.0,26.4,76,0.0,4.4,2
Cairo,2026-07-06 09:00:00,30.0625,31.25,Africa/Cairo,22.0,27.4,70,0.0,5.7,2
Cairo,2026-07-06 10:00:00,30.0625,31.25,Africa/Cairo,22.0,28.8,62,0.0,7.7,1
Cairo,2026-07-06 11:00:00,30.0625,31.25,Africa/Cairo,22.0,30.6,55,0.0,9.0,1
Cairo,2026-07-06 12:00:00,30.0625,31.25,Africa/Cairo,22.0,32.3,48,0.0,10.2,1
Cairo,2026-07-06 13:00:00,30.0625,31.25,Africa/Cairo,22.0,33.8,42,0.0,11.4,0
Cairo,2026-07-06 14:00:00,30.0625,31.25,Africa/Cairo,22.0,35.2,35,0.0,12.6,0
Cairo,2026-07-06 15:00:00,30.0625,31.25,Africa/Cairo,22.0,36.1,31,0.0,13.6,0
Cairo,2026-07-06 16:00:00,30.0625,31.25,Africa/Cairo,22.0,36.5,29,0.0,14.2,0
Cairo,2026-07-06 17:00:00,30.0625,31.25,Africa/Cairo,22.0,36.4,28,0.0,14.9,0
Cairo,2026-07-06 18:00:00,30.0625,31.25,Africa/Cairo,22.0,35.8,29,0.0,14.8,0
Cairo,2026-07-06 19:00:00,30.0625,31.25,Africa/Cairo,22.0,34.5,33,0.0,14.3,0
Cairo,2026-07-06 20:00:00,30.0625,31.25,Africa/Cairo,22.0,32.8,38,0.0,13.1,0
Cairo,2026-07-06 21:00:00,30.0625,31.25,Africa/Cairo,22.0,31.0,44,0.0,12.1,0
Cairo,2026-07-06 22:00:00,30.0625,31.25,Africa/Cairo,22.0,29.4,49,0.0,11.3,0
Cairo,2026-07-06 23:00:00,30.0625,31.25,Africa/Cairo,22.0,27.8,54,0.0,10.5,0
Cairo,2026-07-07 00:00:00,30.0625,31.25,Africa/Cairo,22.0,26.4,59,0.0,9.1,0
Cairo,2026-07-07 01:00:00,30.0625,31.25,Africa/Cairo,22.0,25.3,64,0.0,7.4,0
Cairo,2026-07-07 02:00:00,30.0625,31.25,Africa/Cairo,22.0,24.4,69,0.0,5.4,0
Cairo,2026-07-07 03:00:00,30.0625,31.25,Africa/Cairo,22.0,23.7,73,0.0,4.0,0
Cairo,2026-07-07 04:00:00,30.0625,31.25,Africa/Cairo,22.0,23.0,77,0.0,2.7,0
Cairo,2026-07-07 05:00:00,30.0625,31.25,Africa/Cairo,22.0,22.4,81,0.0,2.3,0
Cairo,2026-07-07 06:00:00,30.0625,31.25,Africa/Cairo,22.0,22.4,82,0.0,2.1,0
Cairo,2026-07-07 07:00:00,30.0625,31.25,Africa/Cairo,22.0,23.2,78,0.0,2.4,1
Cairo,2026-07-07 08:00:00,30.0625,31.25,Africa/Cairo,22.0,24.5,72,0.0,4.3,1
Cairo,2026-07-07 09:00:00,30.0625,31.25,Africa/Cairo,22.0,26.1,64,0.0,5.8,1
Cairo,2026-07-07 10:00:00,30.0625,31.25,Africa/Cairo,22.0,28.0,56,0.0,6.1,0
Cairo,2026-07-07 11:00:00,30.0625,31.25,Africa/Cairo,22.0,30.1,47,0.0,7.1,0
Cairo,2026-07-07 12:00:00,30.0625,31.25,Africa/Cairo,22.0,31.9,39,0.0,8.5,0
Cairo,2026-07-07 13:00:00,30.0625,31.25,Africa/Cairo,22.0,33.3,33,0.0,9.9,0
Cairo,2026-07-07 14:00:00,30.0625,31.25,Africa/Cairo,22.0,34.5,28,0.0,11.4,0
Cairo,2026-07-07 15:00:00,30.0625,31.25,Africa/Cairo,22.0,35.3,25,0.0,12.3,0
Cairo,2026-07-07 16:00:00,30.0625,31.25,Africa/Cairo,22.0,35.7,23,0.0,13.1,0
Cairo,2026-07-07 17:00:00,30.0625,31.25,Africa/Cairo,22.0,35.8,23,0.0,13.4,0
Cairo,2026-07-07 18:00:00,30.0625,31.25,Africa/Cairo,22.0,35.3,24,0.0,13.5,0
Cairo,2026-07-07 19:00:00,30.0625,31.25,Africa/Cairo,22.0,34.0,27,0.0,13.0,0
Cairo,2026-07-07 20:00:00,30.0625,31.25,Africa/Cairo,22.0,32.3,30,0.0,12.8,0
Cairo,2026-07-07 21:00:00,30.0625,31.25,Africa/Cairo,22.0,30.5,36,0.0,12.0,0
Cairo,2026-07-07 22:00:00,30.0625,31.25,Africa/Cairo,22.0,28.9,44,0.0,11.3,0
Cairo,2026-07-07 23:00:00,30.0625,31.25,Africa/Cairo,22.0,27.2,54,0.0,10.0,0
Giza,2026-06-30 00:00:00,30.0,31.1875,Africa/Cairo,23.0,28.2,47,0.0,10.8,0
Giza,2026-06-30 01:00:00,30.0,31.1875,Africa/Cairo,23.0,27.0,56,0.0,9.4,0
Giza,2026-06-30 02:00:00,30.0,31.1875,Africa/Cairo,23.0,25.9,65,0.0,8.7,0
Giza,2026-06-30 03:00:00,30.0,31.1875,Africa/Cairo,23.0,25.2,70,0.0,9.0,0
Giza,2026-06-30 04:00:00,30.0,31.1875,Africa/Cairo,23.0,24.4,77,0.0,8.4,0
Giza,2026-06-30 05:00:00,30.0,31.1875,Africa/Cairo,23.0,23.8,82,0.0,8.1,0
Giza,2026-06-30 06:00:00,30.0,31.1875,Africa/Cairo,23.0,23.2,86,0.0,8.5,1
Giza,2026-06-30 07:00:00,30.0,31.1875,Africa/Cairo,23.0,23.2,87,0.0,9.3,1
Giza,2026-06-30 08:00:00,30.0,31.1875,Africa/Cairo,23.0,24.2,81,0.0,9.9,1
Giza,2026-06-30 09:00:00,30.0,31.1875,Africa/Cairo,23.0,26.7,68,0.0,10.0,1
Giza,2026-06-30 10:00:00,30.0,31.1875,Africa/Cairo,23.0,29.0,55,0.0,9.9,0
Giza,2026-06-30 11:00:00,30.0,31.1875,Africa/Cairo,23.0,31.6,44,0.0,9.3,0
Giza,2026-06-30 12:00:00,30.0,31.1875,Africa/Cairo,23.0,34.2,31,0.0,10.7,0
Giza,2026-06-30 13:00:00,30.0,31.1875,Africa/Cairo,23.0,35.8,27,0.0,11.5,0
Giza,2026-06-30 14:00:00,30.0,31.1875,Africa/Cairo,23.0,36.9,24,0.0,12.2,0
Giza,2026-06-30 15:00:00,30.0,31.1875,Africa/Cairo,23.0,37.2,24,0.0,12.2,0
Giza,2026-06-30 16:00:00,30.0,31.1875,Africa/Cairo,23.0,37.7,22,0.0,12.9,0
Giza,2026-06-30 17:00:00,30.0,31.1875,Africa/Cairo,23.0,37.6,24,0.0,13.1,1
Giza,2026-06-30 18:00:00,30.0,31.1875,Africa/Cairo,23.0,36.7,25,0.0,13.9,1
Giza,2026-06-30 19:00:00,30.0,31.1875,Africa/Cairo,23.0,35.4,25,0.0,17.1,1
Giza,2026-06-30 20:00:00,30.0,31.1875,Africa/Cairo,23.0,33.3,30,0.0,16.6,0
Giza,2026-06-30 21:00:00,30.0,31.1875,Africa/Cairo,23.0,31.3,35,0.0,12.9,0
Giza,2026-06-30 22:00:00,30.0,31.1875,Africa/Cairo,23.0,29.6,42,0.0,11.8,0
Giza,2026-06-30 23:00:00,30.0,31.1875,Africa/Cairo,23.0,28.0,53,0.0,10.7,0
Giza,2026-07-01 00:00:00,30.0,31.1875,Africa/Cairo,23.0,26.5,60,0.0,9.5,0
Giza,2026-07-01 01:00:00,30.0,31.1875,Africa/Cairo,23.0,25.3,66,0.0,7.3,0
Giza,2026-07-01 02:00:00,30.0,31.1875,Africa/Cairo,23.0,24.3,71,0.0,6.3,0
Giza,2026-07-01 03:00:00,30.0,31.1875,Africa/Cairo,23.0,23.7,73,0.0,6.0,0
Giza,2026-07-01 04:00:00,30.0,31.1875,Africa/Cairo,23.0,23.1,77,0.0,5.2,0
Giza,2026-07-01 05:00:00,30.0,31.1875,Africa/Cairo,23.0,22.6,79,0.0,4.0,0
Giza,2026-07-01 06:00:00,30.0,31.1875,Africa/Cairo,23.0,22.2,81,0.0,3.6,1
Giza,2026-07-01 07:00:00,30.0,31.1875,Africa/Cairo,23.0,22.6,82,0.0,4.0,1
Giza,2026-07-01 08:00:00,30.0,31.1875,Africa/Cairo,23.0,23.9,78,0.0,5.0,0
Giza,2026-07-01 09:00:00,30.0,31.1875,Africa/Cairo,23.0,26.2,68,0.0,7.2,0
Giza,2026-07-01 10:00:00,30.0,31.1875,Africa/Cairo,23.0,28.5,58,0.0,7.3,0
Giza,2026-07-01 11:00:00,30.0,31.1875,Africa/Cairo,23.0,31.0,46,0.0,8.6,0
Giza,2026-07-01 12:00:00,30.0,31.1875,Africa/Cairo,23.0,33.3,37,0.0,9.7,0
Giza,2026-07-01 13:00:00,30.0,31.1875,Africa/Cairo,23.0,35.3,31,0.0,10.6,0
Giza,2026-07-01 14:00:00,30.0,31.1875,Africa/Cairo,23.0,36.9,24,0.0,11.8,0
Giza,2026-07-01 15:00:00,30.0,31.1875,Africa/Cairo,23.0,37.7,24,0.0,12.6,1
Giza,2026-07-01 16:00:00,30.0,31.1875,Africa/Cairo,23.0,38.2,22,0.0,13.1,1
Giza,2026-07-01 17:00:00,30.0,31.1875,Africa/Cairo,23.0,38.2,22,0.0,13.9,1
Giza,2026-07-01 18:00:00,30.0,31.1875,Africa/Cairo,23.0,37.7,18,0.0,15.8,0
Giza,2026-07-01 19:00:00,30.0,31.1875,Africa/Cairo,23.0,36.3,16,0.0,17.9,0
Giza,2026-07-01 20:00:00,30.0,31.1875,Africa/Cairo,23.0,34.0,18,0.0,16.8,0
Giza,2026-07-01 21:00:00,30.0,31.1875,Africa/Cairo,23.0,32.0,22,0.0,15.0,0
Giza,2026-07-01 22:00:00,30.0,31.1875,Africa/Cairo,23.0,30.1,30,0.0,13.1,0
Giza,2026-07-01 23:00:00,30.0,31.1875,Africa/Cairo,23.0,28.3,41,0.0,9.7,0
Giza,2026-07-02 00:00:00,30.0,31.1875,Africa/Cairo,23.0,26.8,51,0.0,8.0,1
Giza,2026-07-02 01:00:00,30.0,31.1875,Africa/Cairo,23.0,25.6,60,0.0,7.0,0
Giza,2026-07-02 02:00:00,30.0,31.1875,Africa/Cairo,23.0,24.7,68,0.0,6.6,0
Giza,2026-07-02 03:00:00,30.0,31.1875,Africa/Cairo,23.0,23.9,75,0.0,6.2,0
Giza,2026-07-02 04:00:00,30.0,31.1875,Africa/Cairo,23.0,23.2,81,0.0,5.5,1
Giza,2026-07-02 05:00:00,30.0,31.1875,Africa/Cairo,23.0,22.9,85,0.0,5.4,2
Giza,2026-07-02 06:00:00,30.0,31.1875,Africa/Cairo,23.0,22.9,88,0.0,6.2,2
Giza,2026-07-02 07:00:00,30.0,31.1875,Africa/Cairo,23.0,23.3,88,0.0,6.5,2
Giza,2026-07-02 08:00:00,30.0,31.1875,Africa/Cairo,23.0,24.4,79,0.0,9.0,2
Giza,2026-07-02 09:00:00,30.0,31.1875,Africa/Cairo,23.0,25.7,72,0.0,8.3,1
Giza,2026-07-02 10:00:00,30.0,31.1875,Africa/Cairo,23.0,27.6,64,0.0,7.6,2
Giza,2026-07-02 11:00:00,30.0,31.1875,Africa/Cairo,23.0,29.6,57,0.0,7.5,1
Giza,2026-07-02 12:00:00,30.0,31.1875,Africa/Cairo,23.0,31.6,49,0.0,8.1,1
Giza,2026-07-02 13:00:00,30.0,31.1875,Africa/Cairo,23.0,33.5,40,0.0,9.7,1
Giza,2026-07-02 14:00:00,30.0,31.1875,Africa/Cairo,23.0,34.9,35,0.0,10.8,1
Giza,2026-07-02 15:00:00,30.0,31.1875,Africa/Cairo,23.0,36.0,34,0.0,11.7,1
Giza,2026-07-02 16:00:00,30.0,31.1875,Africa/Cairo,23.0,36.5,35,0.0,11.6,2
Giza,2026-07-02 17:00:00,30.0,31.1875,Africa/Cairo,23.0,36.8,32,0.0,13.5,2
Giza,2026-07-02 18:00:00,30.0,31.1875,Africa/Cairo,23.0,36.4,31,0.0,14.8,2
Giza,2026-07-02 19:00:00,30.0,31.1875,Africa/Cairo,23.0,35.2,31,0.0,15.2,2
Giza,2026-07-02 20:00:00,30.0,31.1875,Africa/Cairo,23.0,33.2,33,0.0,16.2,1
Giza,2026-07-02 21:00:00,30.0,31.1875,Africa/Cairo,23.0,31.3,37,0.0,14.4,0
Giza,2026-07-02 22:00:00,30.0,31.1875,Africa/Cairo,23.0,29.7,44,0.0,12.3,0
Giza,2026-07-02 23:00:00,30.0,31.1875,Africa/Cairo,23.0,28.3,51,0.0,9.7,0
Giza,2026-07-03 00:00:00,30.0,31.1875,Africa/Cairo,23.0,27.0,58,0.0,8.3,1
Giza,2026-07-03 01:00:00,30.0,31.1875,Africa/Cairo,23.0,25.9,67,0.0,7.8,1
Giza,2026-07-03 02:00:00,30.0,31.1875,Africa/Cairo,23.0,25.0,78,0.0,8.2,1
Giza,2026-07-03 03:00:00,30.0,31.1875,Africa/Cairo,23.0,24.4,84,0.0,9.2,2
Giza,2026-07-03 04:00:00,30.0,31.1875,Africa/Cairo,23.0,24.2,84,0.0,8.4,2
Giza,2026-07-03 05:00:00,30.0,31.1875,Africa/Cairo,23.0,24.0,83,0.0,8.1,2
Giza,2026-07-03 06:00:00,30.0,31.1875,Africa/Cairo,23.0,23.8,82,0.0,7.3,2
Giza,2026-07-03 07:00:00,30.0,31.1875,Africa/Cairo,23.0,23.9,81,0.0,7.7,2
Giza,2026-07-03 08:00:00,30.0,31.1875,Africa/Cairo,23.0,24.9,76,0.0,9.3,2
Giza,2026-07-03 09:00:00,30.0,31.1875,Africa/Cairo,23.0,26.2,70,0.0,8.7,1
Giza,2026-07-03 10:00:00,30.0,31.1875,Africa/Cairo,23.0,28.0,63,0.0,8.2,2
Giza,2026-07-03 11:00:00,30.0,31.1875,Africa/Cairo,23.0,30.0,54,0.0,7.6,1
Giza,2026-07-03 12:00:00,30.0,31.1875,Africa/Cairo,23.0,32.0,47,0.0,7.4,1
Giza,2026-07-03 13:00:00,30.0,31.1875,Africa/Cairo,23.0,33.9,37,0.0,8.4,0
Giza,2026-07-03 14:00:00,30.0,31.1875,Africa/Cairo,23.0,35.3,30,0.0,9.7,0
Giza,2026-07-03 15:00:00,30.0,31.1875,Africa/Cairo,23.0,36.2,28,0.0,10.7,0
Giza,2026-07-03 16:00:00,30.0,31.1875,Africa/Cairo,23.0,36.6,29,0.0,12.0,1
Giza,2026-07-03 17:00:00,30.0,31.1875,Africa/Cairo,23.0,36.6,31,0.0,12.8,1
Giza,2026-07-03 18:00:00,30.0,31.1875,Africa/Cairo,23.0,36.2,32,0.0,12.4,3
Giza,2026-07-03 19:00:00,30.0,31.1875,Africa/Cairo,23.0,35.3,34,0.0,13.8,1
Giza,2026-07-03 20:00:00,30.0,31.1875,Africa/Cairo,23.0,34.1,36,0.0,13.5,1
Giza,2026-07-03 21:00:00,30.0,31.1875,Africa/Cairo,23.0,32.4,35,0.0,14.1,0
Giza,2026-07-03 22:00:00,30.0,31.1875,Africa/Cairo,23.0,30.6,40,0.0,12.0,0
Giza,2026-07-03 23:00:00,30.0,31.1875,Africa/Cairo,23.0,29.1,47,0.0,9.4,0
Giza,2026-07-04 00:00:00,30.0,31.1875,Africa/Cairo,23.0,27.6,53,0.0,7.7,0
Giza,2026-07-04 01:00:00,30.0,31.1875,Africa/Cairo,23.0,26.4,60,0.0,6.6,0
Giza,2026-07-04 02:00:00,30.0,31.1875,Africa/Cairo,23.0,25.5,67,0.0,5.8,0
Giza,2026-07-04 03:00:00,30.0,31.1875,Africa/Cairo,23.0,24.8,74,0.0,5.0,0
Giza,2026-07-04 04:00:00,30.0,31.1875,Africa/Cairo,23.0,24.2,80,0.0,4.7,1
Giza,2026-07-04 05:00:00,30.0,31.1875,Africa/Cairo,23.0,23.8,85,0.0,3.3,1
Giza,2026-07-04 06:00:00,30.0,31.1875,Africa/Cairo,23.0,23.6,87,0.0,2.6,2
Giza,2026-07-04 07:00:00,30.0,31.1875,Africa/Cairo,23.0,24.0,86,0.0,1.9,2
Giza,2026-07-04 08:00:00,30.0,31.1875,Africa/Cairo,23.0,25.1,80,0.0,4.3,2
Giza,2026-07-04 09:00:00,30.0,31.1875,Africa/Cairo,23.0,26.6,72,0.0,4.8,2
Giza,2026-07-04 10:00:00,30.0,31.1875,Africa/Cairo,23.0,28.5,64,0.0,5.4,1
Giza,2026-07-04 11:00:00,30.0,31.1875,Africa/Cairo,23.0,30.8,52,0.0,6.5,1
Giza,2026-07-04 12:00:00,30.0,31.1875,Africa/Cairo,23.0,32.9,46,0.0,8.2,0
Giza,2026-07-04 13:00:00,30.0,31.1875,Africa/Cairo,23.0,34.9,35,0.0,10.5,0
Giza,2026-07-04 14:00:00,30.0,31.1875,Africa/Cairo,23.0,36.1,30,0.0,11.9,0
Giza,2026-07-04 15:00:00,30.0,31.1875,Africa/Cairo,23.0,37.1,29,0.0,12.9,0
Giza,2026-07-04 16:00:00,30.0,31.1875,Africa/Cairo,23.0,37.6,28,0.0,13.6,2
Giza,2026-07-04 17:00:00,30.0,31.1875,Africa/Cairo,23.0,37.6,29,0.0,14.0,2
Giza,2026-07-04 18:00:00,30.0,31.1875,Africa/Cairo,23.0,37.2,31,0.0,14.2,2
Giza,2026-07-04 19:00:00,30.0,31.1875,Africa/Cairo,23.0,36.1,33,0.0,14.3,0
Giza,2026-07-04 20:00:00,30.0,31.1875,Africa/Cairo,23.0,34.4,36,0.0,14.7,0
Giza,2026-07-04 21:00:00,30.0,31.1875,Africa/Cairo,23.0,32.8,40,0.0,14.2,0
Giza,2026-07-04 22:00:00,30.0,31.1875,Africa/Cairo,23.0,31.1,46,0.0,13.3,0
Giza,2026-07-04 23:00:00,30.0,31.1875,Africa/Cairo,23.0,29.4,54,0.0,11.7,0
Giza,2026-07-05 00:00:00,30.0,31.1875,Africa/Cairo,23.0,27.9,61,0.0,9.8,0
Giza,2026-07-05 01:00:00,30.0,31.1875,Africa/Cairo,23.0,26.7,68,0.0,8.0,1
Giza,2026-07-05 02:00:00,30.0,31.1875,Africa/Cairo,23.0,25.8,75,0.0,6.1,1
Giza,2026-07-05 03:00:00,30.0,31.1875,Africa/Cairo,23.0,25.0,81,0.0,4.7,1
Giza,2026-07-05 04:00:00,30.0,31.1875,Africa/Cairo,23.0,24.4,85,0.0,3.4,2
Giza,2026-07-05 05:00:00,30.0,31.1875,Africa/Cairo,23.0,24.1,87,0.0,2.4,2
Giza,2026-07-05 06:00:00,30.0,31.1875,Africa/Cairo,23.0,24.1,87,0.0,1.8,2
Giza,2026-07-05 07:00:00,30.0,31.1875,Africa/Cairo,23.0,24.6,84,0.0,2.7,2
Giza,2026-07-05 08:00:00,30.0,31.1875,Africa/Cairo,23.0,25.5,78,0.0,5.1,2
Giza,2026-07-05 09:00:00,30.0,31.1875,Africa/Cairo,23.0,26.8,71,0.0,6.9,2
Giza,2026-07-05 10:00:00,30.0,31.1875,Africa/Cairo,23.0,28.6,63,0.0,6.5,0
Giza,2026-07-05 11:00:00,30.0,31.1875,Africa/Cairo,23.0,30.8,54,0.0,5.8,0
Giza,2026-07-05 12:00:00,30.0,31.1875,Africa/Cairo,23.0,32.7,45,0.0,5.9,0
Giza,2026-07-05 13:00:00,30.0,31.1875,Africa/Cairo,23.0,34.4,37,0.0,6.9,0
Giza,2026-07-05 14:00:00,30.0,31.1875,Africa/Cairo,23.0,35.8,31,0.0,8.4,0
Giza,2026-07-05 15:00:00,30.0,31.1875,Africa/Cairo,23.0,36.8,26,0.0,9.7,0
Giza,2026-07-05 16:00:00,30.0,31.1875,Africa/Cairo,23.0,37.4,24,0.0,11.0,0
Giza,2026-07-05 17:00:00,30.0,31.1875,Africa/Cairo,23.0,37.5,24,0.0,12.1,0
Giza,2026-07-05 18:00:00,30.0,31.1875,Africa/Cairo,23.0,37.1,25,0.0,12.8,0
Giza,2026-07-05 19:00:00,30.0,31.1875,Africa/Cairo,23.0,36.1,27,0.0,12.5,0
Giza,2026-07-05 20:00:00,30.0,31.1875,Africa/Cairo,23.0,34.5,31,0.0,11.9,0
Giza,2026-07-05 21:00:00,30.0,31.1875,Africa/Cairo,23.0,33.0,36,0.0,11.1,0
Giza,2026-07-05 22:00:00,30.0,31.1875,Africa/Cairo,23.0,31.7,42,0.0,9.7,0
Giza,2026-07-05 23:00:00,30.0,31.1875,Africa/Cairo,23.0,30.4,50,0.0,8.3,0
Giza,2026-07-06 00:00:00,30.0,31.1875,Africa/Cairo,23.0,29.1,57,0.0,7.3,0
Giza,2026-07-06 01:00:00,30.0,31.1875,Africa/Cairo,23.0,28.0,63,0.0,7.2,0
Giza,2026-07-06 02:00:00,30.0,31.1875,Africa/Cairo,23.0,27.0,68,0.0,7.6,0
Giza,2026-07-06 03:00:00,30.0,31.1875,Africa/Cairo,23.0,26.1,73,0.0,7.7,0
Giza,2026-07-06 04:00:00,30.0,31.1875,Africa/Cairo,23.0,25.3,79,0.0,6.6,1
Giza,2026-07-06 05:00:00,30.0,31.1875,Africa/Cairo,23.0,24.6,84,0.0,5.1,1
Giza,2026-07-06 06:00:00,30.0,31.1875,Africa/Cairo,23.0,24.5,86,0.0,4.0,1
Giza,2026-07-06 07:00:00,30.0,31.1875,Africa/Cairo,23.0,25.2,82,0.0,3.9,2
Giza,2026-07-06 08:00:00,30.0,31.1875,Africa/Cairo,23.0,26.4,75,0.0,4.8,2
Giza,2026-07-06 09:00:00,30.0,31.1875,Africa/Cairo,23.0,27.4,70,0.0,5.9,2
Giza,2026-07-06 10:00:00,30.0,31.1875,Africa/Cairo,23.0,28.8,62,0.0,7.7,1
Giza,2026-07-06 11:00:00,30.0,31.1875,Africa/Cairo,23.0,30.6,55,0.0,9.0,1
Giza,2026-07-06 12:00:00,30.0,31.1875,Africa/Cairo,23.0,32.3,48,0.0,10.2,1
Giza,2026-07-06 13:00:00,30.0,31.1875,Africa/Cairo,23.0,33.8,42,0.0,11.4,0
Giza,2026-07-06 14:00:00,30.0,31.1875,Africa/Cairo,23.0,35.2,35,0.0,12.6,0
Giza,2026-07-06 15:00:00,30.0,31.1875,Africa/Cairo,23.0,36.1,31,0.0,13.6,0
Giza,2026-07-06 16:00:00,30.0,31.1875,Africa/Cairo,23.0,36.5,29,0.0,14.2,0
Giza,2026-07-06 17:00:00,30.0,31.1875,Africa/Cairo,23.0,36.4,28,0.0,14.9,0
Giza,2026-07-06 18:00:00,30.0,31.1875,Africa/Cairo,23.0,35.8,29,0.0,14.8,0
Giza,2026-07-06 19:00:00,30.0,31.1875,Africa/Cairo,23.0,34.5,33,0.0,14.3,0
Giza,2026-07-06 20:00:00,30.0,31.1875,Africa/Cairo,23.0,32.8,38,0.0,13.1,0
Giza,2026-07-06 21:00:00,30.0,31.1875,Africa/Cairo,23.0,31.0,44,0.0,12.1,0
Giza,2026-07-06 22:00:00,30.0,31.1875,Africa/Cairo,23.0,29.4,49,0.0,11.3,0
Giza,2026-07-06 23:00:00,30.0,31.1875,Africa/Cairo,23.0,27.8,54,0.0,10.5,0
Giza,2026-07-07 00:00:00,30.0,31.1875,Africa/Cairo,23.0,26.4,59,0.0,9.1,0
Giza,2026-07-07 01:00:00,30.0,31.1875,Africa/Cairo,23.0,25.3,64,0.0,7.4,0
Giza,2026-07-07 02:00:00,30.0,31.1875,Africa/Cairo,23.0,24.4,69,0.0,5.4,0
Giza,2026-07-07 03:00:00,30.0,31.1875,Africa/Cairo,23.0,23.7,73,0.0,4.0,0
Giza,2026-07-07 04:00:00,30.0,31.1875,Africa/Cairo,23.0,23.0,77,0.0,2.7,0
Giza,2026-07-07 05:00:00,30.0,31.1875,Africa/Cairo,23.0,22.4,81,0.0,2.3,0
Giza,2026-07-07 06:00:00,30.0,31.1875,Africa/Cairo,23.0,22.4,82,0.0,2.1,0
Giza,2026-07-07 07:00:00,30.0,31.1875,Africa/Cairo,23.0,23.2,78,0.0,2.4,1
Giza,2026-07-07 08:00:00,30.0,31.1875,Africa/Cairo,23.0,24.5,72,0.0,4.3,1
Giza,2026-07-07 09:00:00,30.0,31.1875,Africa/Cairo,23.0,26.1,64,0.0,5.8,1
Giza,2026-07-07 10:00:00,30.0,31.1875,Africa/Cairo,23.0,28.0,56,0.0,6.1,0
Giza,2026-07-07 11:00:00,30.0,31.1875,Africa/Cairo,23.0,30.1,47,0.0,7.1,0
Giza,2026-07-07 12:00:00,30.0,31.1875,Africa/Cairo,23.0,31.9,39,0.0,8.5,0
Giza,2026-07-07 13:00:00,30.0,31.1875,Africa/Cairo,23.0,33.3,33,0.0,9.9,0
Giza,2026-07-07 14:00:00,30.0,31.1875,Africa/Cairo,23.0,34.5,28,0.0,11.4,0
Giza,2026-07-07 15:00:00,30.0,31.1875,Africa/Cairo,23.0,35.3,25,0.0,12.3,0
Giza,2026-07-07 16:00:00,30.0,31.1875,Africa/Cairo,23.0,35.7,23,0.0,13.1,0
Giza,2026-07-07 17:00:00,30.0,31.1875,Africa/Cairo,23.0,35.8,23,0.0,13.4,0
Giza,2026-07-07 18:00:00,30.0,31.1875,Africa/Cairo,23.0,35.3,24,0.0,13.5,0
Giza,2026-07-07 19:00:00,30.0,31.1875,Africa/Cairo,23.0,34.0,27,0.0,13.0,0
Giza,2026-07-07 20:00:00,30.0,31.1875,Africa/Cairo,23.0,32.3,30,0.0,12.8,0
Giza,2026-07-07 21:00:00,30.0,31.1875,Africa/Cairo,23.0,30.5,36,0.0,12.0,0
Giza,2026-07-07 22:00:00,30.0,31.1875,Africa/Cairo,23.0,28.9,44,0.0,11.3,0
Giza,2026-07-07 23:00:00,30.0,31.1875,Africa/Cairo,23.0,27.2,54,0.0,10.0,0
Luxor,2026-06-30 00:00:00,25.694199,32.611534,Africa/Cairo,85.0,34.1,19,0.0,15.7,0
Luxor,2026-06-30 01:00:00,25.694199,32.611534,Africa/Cairo,85.0,33.4,19,0.0,13.8,0
Luxor,2026-06-30 02:00:00,25.694199,32.611534,Africa/Cairo,85.0,32.0,21,0.0,8.4,0
Luxor,2026-06-30 03:00:00,25.694199,32.611534,Africa/Cairo,85.0,30.1,27,0.0,6.8,0
Luxor,2026-06-30 04:00:00,25.694199,32.611534,Africa/Cairo,85.0,29.0,29,0.0,6.0,0
Luxor,2026-06-30 05:00:00,25.694199,32.611534,Africa/Cairo,85.0,28.5,30,0.0,3.2,0
Luxor,2026-06-30 06:00:00,25.694199,32.611534,Africa/Cairo,85.0,27.5,32,0.0,2.9,0
Luxor,2026-06-30 07:00:00,25.694199,32.611534,Africa/Cairo,85.0,27.6,32,0.0,3.6,0
Luxor,2026-06-30 08:00:00,25.694199,32.611534,Africa/Cairo,85.0,30.8,27,0.0,3.4,0
Luxor,2026-06-30 09:00:00,25.694199,32.611534,Africa/Cairo,85.0,34.3,20,0.0,5.1,0
Luxor,2026-06-30 10:00:00,25.694199,32.611534,Africa/Cairo,85.0,36.2,18,0.0,8.6,0
Luxor,2026-06-30 11:00:00,25.694199,32.611534,Africa/Cairo,85.0,37.9,15,0.0,12.6,0
Luxor,2026-06-30 12:00:00,25.694199,32.611534,Africa/Cairo,85.0,39.1,13,0.0,15.3,0
Luxor,2026-06-30 13:00:00,25.694199,32.611534,Africa/Cairo,85.0,40.2,12,0.0,14.6,0
Luxor,2026-06-30 14:00:00,25.694199,32.611534,Africa/Cairo,85.0,40.9,11,0.0,15.3,0
Luxor,2026-06-30 15:00:00,25.694199,32.611534,Africa/Cairo,85.0,41.4,10,0.0,15.2,0
Luxor,2026-06-30 16:00:00,25.694199,32.611534,Africa/Cairo,85.0,41.4,10,0.0,15.2,0
Luxor,2026-06-30 17:00:00,25.694199,32.611534,Africa/Cairo,85.0,41.1,10,0.0,16.9,0
Luxor,2026-06-30 18:00:00,25.694199,32.611534,Africa/Cairo,85.0,40.5,9,0.0,17.3,0
Luxor,2026-06-30 19:00:00,25.694199,32.611534,Africa/Cairo,85.0,39.4,9,0.0,16.5,0
Luxor,2026-06-30 20:00:00,25.694199,32.611534,Africa/Cairo,85.0,37.6,9,0.0,15.3,0
Luxor,2026-06-30 21:00:00,25.694199,32.611534,Africa/Cairo,85.0,36.3,11,0.0,13.4,0
Luxor,2026-06-30 22:00:00,25.694199,32.611534,Africa/Cairo,85.0,35.4,13,0.0,18.2,0
Luxor,2026-06-30 23:00:00,25.694199,32.611534,Africa/Cairo,85.0,34.5,14,0.0,19.3,0
Luxor,2026-07-01 00:00:00,25.694199,32.611534,Africa/Cairo,85.0,33.5,16,0.0,17.6,0
Luxor,2026-07-01 01:00:00,25.694199,32.611534,Africa/Cairo,85.0,32.6,18,0.0,15.6,0
Luxor,2026-07-01 02:00:00,25.694199,32.611534,Africa/Cairo,85.0,31.5,20,0.0,13.2,0
Luxor,2026-07-01 03:00:00,25.694199,32.611534,Africa/Cairo,85.0,30.8,22,0.0,12.1,0
Luxor,2026-07-01 04:00:00,25.694199,32.611534,Africa/Cairo,85.0,29.9,24,0.0,11.7,0
Luxor,2026-07-01 05:00:00,25.694199,32.611534,Africa/Cairo,85.0,29.1,27,0.0,14.0,0
Luxor,2026-07-01 06:00:00,25.694199,32.611534,Africa/Cairo,85.0,28.3,30,0.0,11.6,0
Luxor,2026-07-01 07:00:00,25.694199,32.611534,Africa/Cairo,85.0,28.5,31,0.0,8.8,0
Luxor,2026-07-01 08:00:00,25.694199,32.611534,Africa/Cairo,85.0,29.8,29,0.0,6.0,0
Luxor,2026-07-01 09:00:00,25.694199,32.611534,Africa/Cairo,85.0,32.1,26,0.0,10.0,0
Luxor,2026-07-01 10:00:00,25.694199,32.611534,Africa/Cairo,85.0,34.5,22,0.0,15.5,0
Luxor,2026-07-01 11:00:00,25.694199,32.611534,Africa/Cairo,85.0,36.3,18,0.0,17.5,0
Luxor,2026-07-01 12:00:00,25.694199,32.611534,Africa/Cairo,85.0,38.1,15,0.0,17.3,0
Luxor,2026-07-01 13:00:00,25.694199,32.611534,Africa/Cairo,85.0,39.4,12,0.0,17.0,0
Luxor,2026-07-01 14:00:00,25.694199,32.611534,Africa/Cairo,85.0,40.3,10,0.0,15.5,0
Luxor,2026-07-01 15:00:00,25.694199,32.611534,Africa/Cairo,85.0,40.8,9,0.0,14.7,0
Luxor,2026-07-01 16:00:00,25.694199,32.611534,Africa/Cairo,85.0,41.1,8,0.0,13.9,0
Luxor,2026-07-01 17:00:00,25.694199,32.611534,Africa/Cairo,85.0,41.1,9,0.0,13.0,0
Luxor,2026-07-01 18:00:00,25.694199,32.611534,Africa/Cairo,85.0,40.7,10,0.0,14.4,0
Luxor,2026-07-01 19:00:00,25.694199,32.611534,Africa/Cairo,85.0,39.4,11,0.0,17.9,0
Luxor,2026-07-01 20:00:00,25.694199,32.611534,Africa/Cairo,85.0,37.7,12,0.0,16.7,0
Luxor,2026-07-01 21:00:00,25.694199,32.611534,Africa/Cairo,85.0,36.8,13,0.0,19.6,0
Luxor,2026-07-01 22:00:00,25.694199,32.611534,Africa/Cairo,85.0,35.9,14,0.0,25.6,0
Luxor,2026-07-01 23:00:00,25.694199,32.611534,Africa/Cairo,85.0,34.8,15,0.0,22.2,0
Luxor,2026-07-02 00:00:00,25.694199,32.611534,Africa/Cairo,85.0,33.7,16,0.0,15.6,0
Luxor,2026-07-02 01:00:00,25.694199,32.611534,Africa/Cairo,85.0,32.4,18,0.0,8.5,0
Luxor,2026-07-02 02:00:00,25.694199,32.611534,Africa/Cairo,85.0,30.7,21,0.0,4.0,0
Luxor,2026-07-02 03:00:00,25.694199,32.611534,Africa/Cairo,85.0,29.7,23,0.0,4.1,0
Luxor,2026-07-02 04:00:00,25.694199,32.611534,Africa/Cairo,85.0,29.5,25,0.0,10.2,0
Luxor,2026-07-02 05:00:00,25.694199,32.611534,Africa/Cairo,85.0,29.0,27,0.0,12.0,0
Luxor,2026-07-02 06:00:00,25.694199,32.611534,Africa/Cairo,85.0,28.3,28,0.0,9.1,0
Luxor,2026-07-02 07:00:00,25.694199,32.611534,Africa/Cairo,85.0,29.0,27,0.0,10.5,0
Luxor,2026-07-02 08:00:00,25.694199,32.611534,Africa/Cairo,85.0,31.0,23,0.0,6.8,0
Luxor,2026-07-02 09:00:00,25.694199,32.611534,Africa/Cairo,85.0,33.0,20,0.0,11.2,0
Luxor,2026-07-02 10:00:00,25.694199,32.611534,Africa/Cairo,85.0,35.1,16,0.0,12.9,0
Luxor,2026-07-02 11:00:00,25.694199,32.611534,Africa/Cairo,85.0,36.9,13,0.0,15.4,0
Luxor,2026-07-02 12:00:00,25.694199,32.611534,Africa/Cairo,85.0,38.8,11,0.0,16.2,0
Luxor,2026-07-02 13:00:00,25.694199,32.611534,Africa/Cairo,85.0,40.2,8,0.0,16.6,0
Luxor,2026-07-02 14:00:00,25.694199,32.611534,Africa/Cairo,85.0,41.0,7,0.0,16.3,0
Luxor,2026-07-02 15:00:00,25.694199,32.611534,Africa/Cairo,85.0,41.4,6,0.0,15.8,0
Luxor,2026-07-02 16:00:00,25.694199,32.611534,Africa/Cairo,85.0,41.4,6,0.0,16.1,0
Luxor,2026-07-02 17:00:00,25.694199,32.611534,Africa/Cairo,85.0,40.9,6,0.0,17.0,0
Luxor,2026-07-02 18:00:00,25.694199,32.611534,Africa/Cairo,85.0,40.0,7,0.0,17.8,0
Luxor,2026-07-02 19:00:00,25.694199,32.611534,Africa/Cairo,85.0,38.8,8,0.0,16.4,0
Luxor,2026-07-02 20:00:00,25.694199,32.611534,Africa/Cairo,85.0,36.8,10,0.0,12.7,0
Luxor,2026-07-02 21:00:00,25.694199,32.611534,Africa/Cairo,85.0,35.6,12,0.0,15.4,0
Luxor,2026-07-02 22:00:00,25.694199,32.611534,Africa/Cairo,85.0,34.8,15,0.0,19.1,0
Luxor,2026-07-02 23:00:00,25.694199,32.611534,Africa/Cairo,85.0,33.9,17,0.0,18.2,0
Luxor,2026-07-03 00:00:00,25.694199,32.611534,Africa/Cairo,85.0,33.1,19,0.0,16.6,0
Luxor,2026-07-03 01:00:00,25.694199,32.611534,Africa/Cairo,85.0,32.3,21,0.0,15.3,0
Luxor,2026-07-03 02:00:00,25.694199,32.611534,Africa/Cairo,85.0,31.4,23,0.0,13.0,0
Luxor,2026-07-03 03:00:00,25.694199,32.611534,Africa/Cairo,85.0,30.3,25,0.0,10.1,0
Luxor,2026-07-03 04:00:00,25.694199,32.611534,Africa/Cairo,85.0,28.9,28,0.0,7.0,0
Luxor,2026-07-03 05:00:00,25.694199,32.611534,Africa/Cairo,85.0,28.1,31,0.0,7.3,0
Luxor,2026-07-03 06:00:00,25.694199,32.611534,Africa/Cairo,85.0,27.1,34,0.0,6.6,0
Luxor,2026-07-03 07:00:00,25.694199,32.611534,Africa/Cairo,85.0,28.0,34,0.0,3.6,0
Luxor,2026-07-03 08:00:00,25.694199,32.611534,Africa/Cairo,85.0,30.4,30,0.0,2.2,0
Luxor,2026-07-03 09:00:00,25.694199,32.611534,Africa/Cairo,85.0,32.5,27,0.0,6.9,0
Luxor,2026-07-03 10:00:00,25.694199,32.611534,Africa/Cairo,85.0,34.8,24,0.0,10.8,0
Luxor,2026-07-03 11:00:00,25.694199,32.611534,Africa/Cairo,85.0,36.8,20,0.0,13.7,0
Luxor,2026-07-03 12:00:00,25.694199,32.611534,Africa/Cairo,85.0,38.6,16,0.0,13.3,0
Luxor,2026-07-03 13:00:00,25.694199,32.611534,Africa/Cairo,85.0,39.9,13,0.0,12.6,0
Luxor,2026-07-03 14:00:00,25.694199,32.611534,Africa/Cairo,85.0,40.6,12,0.0,13.3,0
Luxor,2026-07-03 15:00:00,25.694199,32.611534,Africa/Cairo,85.0,41.0,11,0.0,12.9,0
Luxor,2026-07-03 16:00:00,25.694199,32.611534,Africa/Cairo,85.0,41.1,11,0.0,12.9,0
Luxor,2026-07-03 17:00:00,25.694199,32.611534,Africa/Cairo,85.0,40.8,10,0.0,13.8,0
Luxor,2026-07-03 18:00:00,25.694199,32.611534,Africa/Cairo,85.0,40.0,10,0.0,14.3,0
Luxor,2026-07-03 19:00:00,25.694199,32.611534,Africa/Cairo,85.0,38.8,11,0.0,13.6,0
Luxor,2026-07-03 20:00:00,25.694199,32.611534,Africa/Cairo,85.0,37.0,12,0.0,11.0,0
Luxor,2026-07-03 21:00:00,25.694199,32.611534,Africa/Cairo,85.0,35.8,13,0.0,12.6,0
Luxor,2026-07-03 22:00:00,25.694199,32.611534,Africa/Cairo,85.0,34.7,15,0.0,14.5,0
Luxor,2026-07-03 23:00:00,25.694199,32.611534,Africa/Cairo,85.0,33.8,17,0.0,17.0,0
Luxor,2026-07-04 00:00:00,25.694199,32.611534,Africa/Cairo,85.0,33.0,19,0.0,17.6,0
Luxor,2026-07-04 01:00:00,25.694199,32.611534,Africa/Cairo,85.0,32.3,21,0.0,16.1,0
Luxor,2026-07-04 02:00:00,25.694199,32.611534,Africa/Cairo,85.0,31.5,23,0.0,14.2,0
Luxor,2026-07-04 03:00:00,25.694199,32.611534,Africa/Cairo,85.0,30.5,25,0.0,11.2,0
Luxor,2026-07-04 04:00:00,25.694199,32.611534,Africa/Cairo,85.0,29.4,27,0.0,8.3,0
Luxor,2026-07-04 05:00:00,25.694199,32.611534,Africa/Cairo,85.0,28.8,29,0.0,8.0,0
Luxor,2026-07-04 06:00:00,25.694199,32.611534,Africa/Cairo,85.0,28.3,31,0.0,9.8,0
Luxor,2026-07-04 07:00:00,25.694199,32.611534,Africa/Cairo,85.0,28.9,31,0.0,11.1,0
Luxor,2026-07-04 08:00:00,25.694199,32.611534,Africa/Cairo,85.0,30.7,30,0.0,8.9,0
Luxor,2026-07-04 09:00:00,25.694199,32.611534,Africa/Cairo,85.0,32.9,28,0.0,9.8,0
Luxor,2026-07-04 10:00:00,25.694199,32.611534,Africa/Cairo,85.0,35.1,26,0.0,10.5,0
Luxor,2026-07-04 11:00:00,25.694199,32.611534,Africa/Cairo,85.0,37.0,22,0.0,13.5,0
Luxor,2026-07-04 12:00:00,25.694199,32.611534,Africa/Cairo,85.0,38.4,18,0.0,13.3,0
Luxor,2026-07-04 13:00:00,25.694199,32.611534,Africa/Cairo,85.0,39.6,14,0.0,12.6,0
Luxor,2026-07-04 14:00:00,25.694199,32.611534,Africa/Cairo,85.0,40.5,13,0.0,11.8,0
Luxor,2026-07-04 15:00:00,25.694199,32.611534,Africa/Cairo,85.0,41.1,13,0.0,11.5,0
Luxor,2026-07-04 16:00:00,25.694199,32.611534,Africa/Cairo,85.0,41.3,12,0.0,12.0,0
Luxor,2026-07-04 17:00:00,25.694199,32.611534,Africa/Cairo,85.0,40.9,12,0.0,12.5,0
Luxor,2026-07-04 18:00:00,25.694199,32.611534,Africa/Cairo,85.0,40.2,12,0.0,13.1,0
Luxor,2026-07-04 19:00:00,25.694199,32.611534,Africa/Cairo,85.0,39.1,14,0.0,13.1,0
Luxor,2026-07-04 20:00:00,25.694199,32.611534,Africa/Cairo,85.0,37.4,16,0.0,11.4,0
Luxor,2026-07-04 21:00:00,25.694199,32.611534,Africa/Cairo,85.0,36.4,18,0.0,13.4,0
Luxor,2026-07-04 22:00:00,25.694199,32.611534,Africa/Cairo,85.0,35.4,20,0.0,14.6,0
Luxor,2026-07-04 23:00:00,25.694199,32.611534,Africa/Cairo,85.0,34.6,22,0.0,15.7,0
Luxor,2026-07-05 00:00:00,25.694199,32.611534,Africa/Cairo,85.0,33.7,24,0.0,16.1,0
Luxor,2026-07-05 01:00:00,25.694199,32.611534,Africa/Cairo,85.0,32.8,25,0.0,14.6,0
Luxor,2026-07-05 02:00:00,25.694199,32.611534,Africa/Cairo,85.0,32.0,27,0.0,12.2,0
Luxor,2026-07-05 03:00:00,25.694199,32.611534,Africa/Cairo,85.0,31.2,28,0.0,10.4,0
Luxor,2026-07-05 04:00:00,25.694199,32.611534,Africa/Cairo,85.0,30.3,29,0.0,9.9,0
Luxor,2026-07-05 05:00:00,25.694199,32.611534,Africa/Cairo,85.0,29.5,30,0.0,10.0,0
Luxor,2026-07-05 06:00:00,25.694199,32.611534,Africa/Cairo,85.0,29.4,30,0.0,10.2,0
Luxor,2026-07-05 07:00:00,25.694199,32.611534,Africa/Cairo,85.0,30.3,30,0.0,10.4,0
Luxor,2026-07-05 08:00:00,25.694199,32.611534,Africa/Cairo,85.0,32.0,29,0.0,10.8,0
Luxor,2026-07-05 09:00:00,25.694199,32.611534,Africa/Cairo,85.0,33.7,28,0.0,11.4,0
Luxor,2026-07-05 10:00:00,25.694199,32.611534,Africa/Cairo,85.0,35.4,25,0.0,11.7,0
Luxor,2026-07-05 11:00:00,25.694199,32.611534,Africa/Cairo,85.0,37.2,22,0.0,11.9,0
Luxor,2026-07-05 12:00:00,25.694199,32.611534,Africa/Cairo,85.0,38.7,20,0.0,12.1,0
Luxor,2026-07-05 13:00:00,25.694199,32.611534,Africa/Cairo,85.0,39.9,16,0.0,11.9,0
Luxor,2026-07-05 14:00:00,25.694199,32.611534,Africa/Cairo,85.0,41.0,13,0.0,12.1,0
Luxor,2026-07-05 15:00:00,25.694199,32.611534,Africa/Cairo,85.0,41.6,11,0.0,12.5,0
Luxor,2026-07-05 16:00:00,25.694199,32.611534,Africa/Cairo,85.0,41.8,11,0.0,13.2,0
Luxor,2026-07-05 17:00:00,25.694199,32.611534,Africa/Cairo,85.0,41.5,12,0.0,14.3,0
Luxor,2026-07-05 18:00:00,25.694199,32.611534,Africa/Cairo,85.0,40.9,13,0.0,15.4,0
Luxor,2026-07-05 19:00:00,25.694199,32.611534,Africa/Cairo,85.0,39.8,15,0.0,15.9,0
Luxor,2026-07-05 20:00:00,25.694199,32.611534,Africa/Cairo,85.0,38.3,17,0.0,16.0,0
Luxor,2026-07-05 21:00:00,25.694199,32.611534,Africa/Cairo,85.0,36.9,20,0.0,15.3,0
Luxor,2026-07-05 22:00:00,25.694199,32.611534,Africa/Cairo,85.0,35.9,22,0.0,13.5,0
Luxor,2026-07-05 23:00:00,25.694199,32.611534,Africa/Cairo,85.0,34.9,24,0.0,11.0,0
Luxor,2026-07-06 00:00:00,25.694199,32.611534,Africa/Cairo,85.0,34.0,25,0.0,8.5,0
Luxor,2026-07-06 01:00:00,25.694199,32.611534,Africa/Cairo,85.0,32.9,27,0.0,5.6,0
Luxor,2026-07-06 02:00:00,25.694199,32.611534,Africa/Cairo,85.0,31.8,29,0.0,3.1,0
Luxor,2026-07-06 03:00:00,25.694199,32.611534,Africa/Cairo,85.0,30.8,31,0.0,2.2,0
Luxor,2026-07-06 04:00:00,25.694199,32.611534,Africa/Cairo,85.0,29.6,34,0.0,1.9,0
Luxor,2026-07-06 05:00:00,25.694199,32.611534,Africa/Cairo,85.0,28.5,36,0.0,1.3,0
Luxor,2026-07-06 06:00:00,25.694199,32.611534,Africa/Cairo,85.0,28.4,37,0.0,0.9,0
Luxor,2026-07-06 07:00:00,25.694199,32.611534,Africa/Cairo,85.0,29.9,34,0.0,1.0,0
Luxor,2026-07-06 08:00:00,25.694199,32.611534,Africa/Cairo,85.0,32.5,30,0.0,1.7,0
Luxor,2026-07-06 09:00:00,25.694199,32.611534,Africa/Cairo,85.0,34.9,26,0.0,3.3,0
Luxor,2026-07-06 10:00:00,25.694199,32.611534,Africa/Cairo,85.0,36.6,23,0.0,6.7,0
Luxor,2026-07-06 11:00:00,25.694199,32.611534,Africa/Cairo,85.0,38.2,20,0.0,11.1,0
Luxor,2026-07-06 12:00:00,25.694199,32.611534,Africa/Cairo,85.0,39.5,18,0.0,14.7,0
Luxor,2026-07-06 13:00:00,25.694199,32.611534,Africa/Cairo,85.0,40.5,17,0.0,16.6,0
Luxor,2026-07-06 14:00:00,25.694199,32.611534,Africa/Cairo,85.0,41.4,15,0.0,18.0,0
Luxor,2026-07-06 15:00:00,25.694199,32.611534,Africa/Cairo,85.0,41.8,15,0.0,19.1,0
Luxor,2026-07-06 16:00:00,25.694199,32.611534,Africa/Cairo,85.0,41.7,15,0.0,20.1,0
Luxor,2026-07-06 17:00:00,25.694199,32.611534,Africa/Cairo,85.0,41.1,15,0.0,21.0,0
Luxor,2026-07-06 18:00:00,25.694199,32.611534,Africa/Cairo,85.0,40.4,15,0.0,21.0,0
Luxor,2026-07-06 19:00:00,25.694199,32.611534,Africa/Cairo,85.0,39.3,16,0.0,19.7,0
Luxor,2026-07-06 20:00:00,25.694199,32.611534,Africa/Cairo,85.0,37.9,16,0.0,17.6,0
Luxor,2026-07-06 21:00:00,25.694199,32.611534,Africa/Cairo,85.0,36.7,17,0.0,15.5,0
Luxor,2026-07-06 22:00:00,25.694199,32.611534,Africa/Cairo,85.0,35.7,18,0.0,14.4,0
Luxor,2026-07-06 23:00:00,25.694199,32.611534,Africa/Cairo,85.0,34.9,20,0.0,13.4,0
Luxor,2026-07-07 00:00:00,25.694199,32.611534,Africa/Cairo,85.0,34.0,22,0.0,11.8,0
Luxor,2026-07-07 01:00:00,25.694199,32.611534,Africa/Cairo,85.0,32.1,25,0.0,6.5,0
Luxor,2026-07-07 02:00:00,25.694199,32.611534,Africa/Cairo,85.0,31.3,27,0.0,4.2,0
Luxor,2026-07-07 03:00:00,25.694199,32.611534,Africa/Cairo,85.0,30.8,29,0.0,2.4,0
Luxor,2026-07-07 04:00:00,25.694199,32.611534,Africa/Cairo,85.0,30.8,29,0.0,1.0,0
Luxor,2026-07-07 05:00:00,25.694199,32.611534,Africa/Cairo,85.0,31.1,29,0.0,0.5,0
Luxor,2026-07-07 06:00:00,25.694199,32.611534,Africa/Cairo,85.0,31.7,29,0.0,1.7,0
Luxor,2026-07-07 07:00:00,25.694199,32.611534,Africa/Cairo,85.0,32.4,28,0.0,2.4,0
Luxor,2026-07-07 08:00:00,25.694199,32.611534,Africa/Cairo,85.0,33.3,26,0.0,2.4,0
Luxor,2026-07-07 09:00:00,25.694199,32.611534,Africa/Cairo,85.0,34.2,25,0.0,1.5,0
Luxor,2026-07-07 10:00:00,25.694199,32.611534,Africa/Cairo,85.0,35.3,23,0.0,1.5,0
Luxor,2026-07-07 11:00:00,25.694199,32.611534,Africa/Cairo,85.0,36.7,22,0.0,5.5,0
Luxor,2026-07-07 12:00:00,25.694199,32.611534,Africa/Cairo,85.0,38.2,20,0.0,10.3,0
Luxor,2026-07-07 13:00:00,25.694199,32.611534,Africa/Cairo,85.0,39.6,18,0.0,15.0,0
Luxor,2026-07-07 14:00:00,25.694199,32.611534,Africa/Cairo,85.0,40.7,17,0.0,18.7,0
Luxor,2026-07-07 15:00:00,25.694199,32.611534,Africa/Cairo,85.0,41.2,16,0.0,20.5,0
Luxor,2026-07-07 16:00:00,25.694199,32.611534,Africa/Cairo,85.0,41.0,16,0.0,20.0,0
Luxor,2026-07-07 17:00:00,25.694199,32.611534,Africa/Cairo,85.0,40.3,16,0.0,18.0,0
Luxor,2026-07-07 18:00:00,25.694199,32.611534,Africa/Cairo,85.0,39.3,16,0.0,14.9,0
Luxor,2026-07-07 19:00:00,25.694199,32.611534,Africa/Cairo,85.0,38.1,17,0.0,11.4,0
Luxor,2026-07-07 20:00:00,25.694199,32.611534,Africa/Cairo,85.0,36.9,18,0.0,8.2,0
Luxor,2026-07-07 21:00:00,25.694199,32.611534,Africa/Cairo,85.0,35.8,19,0.0,6.0,0
Luxor,2026-07-07 22:00:00,25.694199,32.611534,Africa/Cairo,85.0,34.7,20,0.0,4.7,0
Luxor,2026-07-07 23:00:00,25.694199,32.611534,Africa/Cairo,85.0,33.5,22,0.0,4.0,0
Port Said,2026-06-30 00:00:00,31.1875,32.3125,Africa/Cairo,3.0,25.7,79,0.0,7.6,1
Port Said,2026-06-30 01:00:00,31.1875,32.3125,Africa/Cairo,3.0,25.6,82,0.0,6.5,1
Port Said,2026-06-30 02:00:00,31.1875,32.3125,Africa/Cairo,3.0,25.3,83,0.0,6.2,1
Port Said,2026-06-30 03:00:00,31.1875,32.3125,Africa/Cairo,3.0,25.2,82,0.0,6.1,2
Port Said,2026-06-30 04:00:00,31.1875,32.3125,Africa/Cairo,3.0,25.0,84,0.0,5.5,1
Port Said,2026-06-30 05:00:00,31.1875,32.3125,Africa/Cairo,3.0,24.9,85,0.0,5.6,1
Port Said,2026-06-30 06:00:00,31.1875,32.3125,Africa/Cairo,3.0,24.7,87,0.0,6.2,2
Port Said,2026-06-30 07:00:00,31.1875,32.3125,Africa/Cairo,3.0,24.9,84,0.0,6.3,2
Port Said,2026-06-30 08:00:00,31.1875,32.3125,Africa/Cairo,3.0,25.9,78,0.0,6.6,1
Port Said,2026-06-30 09:00:00,31.1875,32.3125,Africa/Cairo,3.0,27.8,70,0.0,8.4,1
Port Said,2026-06-30 10:00:00,31.1875,32.3125,Africa/Cairo,3.0,28.7,65,0.0,9.8,1
Port Said,2026-06-30 11:00:00,31.1875,32.3125,Africa/Cairo,3.0,29.8,60,0.0,10.5,1
Port Said,2026-06-30 12:00:00,31.1875,32.3125,Africa/Cairo,3.0,30.7,53,0.0,12.8,0
Port Said,2026-06-30 13:00:00,31.1875,32.3125,Africa/Cairo,3.0,31.2,52,0.0,14.9,0
Port Said,2026-06-30 14:00:00,31.1875,32.3125,Africa/Cairo,3.0,31.0,53,0.0,17.5,0
Port Said,2026-06-30 15:00:00,31.1875,32.3125,Africa/Cairo,3.0,30.8,57,0.0,19.4,0
Port Said,2026-06-30 16:00:00,31.1875,32.3125,Africa/Cairo,3.0,30.2,54,0.0,20.7,0
Port Said,2026-06-30 17:00:00,31.1875,32.3125,Africa/Cairo,3.0,29.5,60,0.0,21.3,0
Port Said,2026-06-30 18:00:00,31.1875,32.3125,Africa/Cairo,3.0,29.1,61,0.0,20.1,0
Port Said,2026-06-30 19:00:00,31.1875,32.3125,Africa/Cairo,3.0,28.2,64,0.0,18.9,0
Port Said,2026-06-30 20:00:00,31.1875,32.3125,Africa/Cairo,3.0,27.3,71,0.0,16.8,0
Port Said,2026-06-30 21:00:00,31.1875,32.3125,Africa/Cairo,3.0,26.8,74,0.0,12.8,0
Port Said,2026-06-30 22:00:00,31.1875,32.3125,Africa/Cairo,3.0,26.4,78,0.0,11.9,0
Port Said,2026-06-30 23:00:00,31.1875,32.3125,Africa/Cairo,3.0,26.3,77,0.0,10.2,0
Port Said,2026-07-01 00:00:00,31.1875,32.3125,Africa/Cairo,3.0,26.1,74,0.0,8.7,0
Port Said,2026-07-01 01:00:00,31.1875,32.3125,Africa/Cairo,3.0,25.8,74,0.0,8.4,0
Port Said,2026-07-01 02:00:00,31.1875,32.3125,Africa/Cairo,3.0,25.4,76,0.0,7.8,0
Port Said,2026-07-01 03:00:00,31.1875,32.3125,Africa/Cairo,3.0,25.3,78,0.0,8.6,1
Port Said,2026-07-01 04:00:00,31.1875,32.3125,Africa/Cairo,3.0,25.0,82,0.0,7.7,1
Port Said,2026-07-01 05:00:00,31.1875,32.3125,Africa/Cairo,3.0,24.7,85,0.0,7.2,1
Port Said,2026-07-01 06:00:00,31.1875,32.3125,Africa/Cairo,3.0,24.5,87,0.0,6.5,1
Port Said,2026-07-01 07:00:00,31.1875,32.3125,Africa/Cairo,3.0,24.6,88,0.0,7.1,1
Port Said,2026-07-01 08:00:00,31.1875,32.3125,Africa/Cairo,3.0,25.6,83,0.0,8.0,1
Port Said,2026-07-01 09:00:00,31.1875,32.3125,Africa/Cairo,3.0,27.5,72,0.0,9.2,1
Port Said,2026-07-01 10:00:00,31.1875,32.3125,Africa/Cairo,3.0,28.6,67,0.0,10.5,1
Port Said,2026-07-01 11:00:00,31.1875,32.3125,Africa/Cairo,3.0,30.0,56,0.0,12.5,1
Port Said,2026-07-01 12:00:00,31.1875,32.3125,Africa/Cairo,3.0,30.9,53,0.0,14.2,0
Port Said,2026-07-01 13:00:00,31.1875,32.3125,Africa/Cairo,3.0,31.2,53,0.0,16.3,0
Port Said,2026-07-01 14:00:00,31.1875,32.3125,Africa/Cairo,3.0,31.3,51,0.0,18.3,0
Port Said,2026-07-01 15:00:00,31.1875,32.3125,Africa/Cairo,3.0,31.0,52,0.0,19.6,0
Port Said,2026-07-01 16:00:00,31.1875,32.3125,Africa/Cairo,3.0,30.5,56,0.0,20.8,0
Port Said,2026-07-01 17:00:00,31.1875,32.3125,Africa/Cairo,3.0,29.8,61,0.0,21.2,0
Port Said,2026-07-01 18:00:00,31.1875,32.3125,Africa/Cairo,3.0,28.9,70,0.0,20.9,0
Port Said,2026-07-01 19:00:00,31.1875,32.3125,Africa/Cairo,3.0,28.1,73,0.0,19.0,0
Port Said,2026-07-01 20:00:00,31.1875,32.3125,Africa/Cairo,3.0,27.3,73,0.0,17.1,0
Port Said,2026-07-01 21:00:00,31.1875,32.3125,Africa/Cairo,3.0,26.8,76,0.0,15.6,1
Port Said,2026-07-01 22:00:00,31.1875,32.3125,Africa/Cairo,3.0,26.5,78,0.0,13.8,1
Port Said,2026-07-01 23:00:00,31.1875,32.3125,Africa/Cairo,3.0,26.2,79,0.0,11.9,1
Port Said,2026-07-02 00:00:00,31.1875,32.3125,Africa/Cairo,3.0,25.8,80,0.0,10.2,2
Port Said,2026-07-02 01:00:00,31.1875,32.3125,Africa/Cairo,3.0,25.6,83,0.0,9.5,2
Port Said,2026-07-02 02:00:00,31.1875,32.3125,Africa/Cairo,3.0,25.4,84,0.0,9.4,2
Port Said,2026-07-02 03:00:00,31.1875,32.3125,Africa/Cairo,3.0,25.2,84,0.0,8.9,2
Port Said,2026-07-02 04:00:00,31.1875,32.3125,Africa/Cairo,3.0,24.9,84,0.0,8.2,2
Port Said,2026-07-02 05:00:00,31.1875,32.3125,Africa/Cairo,3.0,24.7,84,0.0,7.2,2
Port Said,2026-07-02 06:00:00,31.1875,32.3125,Africa/Cairo,3.0,24.5,84,0.0,7.3,2
Port Said,2026-07-02 07:00:00,31.1875,32.3125,Africa/Cairo,3.0,24.5,86,0.0,9.0,2
Port Said,2026-07-02 08:00:00,31.1875,32.3125,Africa/Cairo,3.0,25.2,85,0.0,7.7,1
Port Said,2026-07-02 09:00:00,31.1875,32.3125,Africa/Cairo,3.0,26.6,76,0.0,5.2,1
Port Said,2026-07-02 10:00:00,31.1875,32.3125,Africa/Cairo,3.0,28.1,65,0.0,5.0,1
Port Said,2026-07-02 11:00:00,31.1875,32.3125,Africa/Cairo,3.0,29.4,61,0.0,7.7,1
Port Said,2026-07-02 12:00:00,31.1875,32.3125,Africa/Cairo,3.0,30.3,57,0.0,10.3,1
Port Said,2026-07-02 13:00:00,31.1875,32.3125,Africa/Cairo,3.0,30.9,57,0.0,12.4,1
Port Said,2026-07-02 14:00:00,31.1875,32.3125,Africa/Cairo,3.0,30.5,59,0.0,16.4,1
Port Said,2026-07-02 15:00:00,31.1875,32.3125,Africa/Cairo,3.0,30.2,59,0.0,19.6,1
Port Said,2026-07-02 16:00:00,31.1875,32.3125,Africa/Cairo,3.0,29.8,59,0.0,21.4,0
Port Said,2026-07-02 17:00:00,31.1875,32.3125,Africa/Cairo,3.0,29.1,61,0.0,22.6,1
Port Said,2026-07-02 18:00:00,31.1875,32.3125,Africa/Cairo,3.0,28.6,65,0.0,21.4,1
Port Said,2026-07-02 19:00:00,31.1875,32.3125,Africa/Cairo,3.0,27.9,69,0.0,19.8,1
Port Said,2026-07-02 20:00:00,31.1875,32.3125,Africa/Cairo,3.0,27.0,76,0.0,17.0,1
Port Said,2026-07-02 21:00:00,31.1875,32.3125,Africa/Cairo,3.0,26.7,77,0.0,15.4,1
Port Said,2026-07-02 22:00:00,31.1875,32.3125,Africa/Cairo,3.0,26.7,81,0.0,14.9,2
Port Said,2026-07-02 23:00:00,31.1875,32.3125,Africa/Cairo,3.0,26.4,81,0.0,13.2,2
Port Said,2026-07-03 00:00:00,31.1875,32.3125,Africa/Cairo,3.0,26.3,83,0.0,12.3,2
Port Said,2026-07-03 01:00:00,31.1875,32.3125,Africa/Cairo,3.0,26.0,83,0.0,11.2,2
Port Said,2026-07-03 02:00:00,31.1875,32.3125,Africa/Cairo,3.0,25.9,83,0.0,11.0,2
Port Said,2026-07-03 03:00:00,31.1875,32.3125,Africa/Cairo,3.0,25.6,84,0.0,9.9,2
Port Said,2026-07-03 04:00:00,31.1875,32.3125,Africa/Cairo,3.0,25.3,84,0.0,9.1,2
Port Said,2026-07-03 05:00:00,31.1875,32.3125,Africa/Cairo,3.0,25.0,86,0.0,9.2,2
Port Said,2026-07-03 06:00:00,31.1875,32.3125,Africa/Cairo,3.0,24.6,88,0.0,10.2,2
Port Said,2026-07-03 07:00:00,31.1875,32.3125,Africa/Cairo,3.0,24.6,86,0.0,10.3,2
Port Said,2026-07-03 08:00:00,31.1875,32.3125,Africa/Cairo,3.0,25.3,82,0.0,10.2,2
Port Said,2026-07-03 09:00:00,31.1875,32.3125,Africa/Cairo,3.0,26.4,75,0.0,10.4,2
Port Said,2026-07-03 10:00:00,31.1875,32.3125,Africa/Cairo,3.0,28.0,67,0.0,8.9,1
Port Said,2026-07-03 11:00:00,31.1875,32.3125,Africa/Cairo,3.0,29.2,62,0.0,9.1,2
Port Said,2026-07-03 12:00:00,31.1875,32.3125,Africa/Cairo,3.0,30.5,56,0.0,8.4,1
Port Said,2026-07-03 13:00:00,31.1875,32.3125,Africa/Cairo,3.0,31.8,51,0.0,8.9,1
Port Said,2026-07-03 14:00:00,31.1875,32.3125,Africa/Cairo,3.0,32.0,54,0.0,13.3,1
Port Said,2026-07-03 15:00:00,31.1875,32.3125,Africa/Cairo,3.0,30.9,61,0.0,18.0,0
Port Said,2026-07-03 16:00:00,31.1875,32.3125,Africa/Cairo,3.0,30.4,58,0.0,22.1,1
Port Said,2026-07-03 17:00:00,31.1875,32.3125,Africa/Cairo,3.0,29.7,60,0.0,23.8,1
Port Said,2026-07-03 18:00:00,31.1875,32.3125,Africa/Cairo,3.0,29.1,61,0.0,24.8,0
Port Said,2026-07-03 19:00:00,31.1875,32.3125,Africa/Cairo,3.0,28.4,68,0.0,22.6,0
Port Said,2026-07-03 20:00:00,31.1875,32.3125,Africa/Cairo,3.0,27.8,70,0.0,19.3,0
Port Said,2026-07-03 21:00:00,31.1875,32.3125,Africa/Cairo,3.0,27.5,70,0.0,17.1,0
Port Said,2026-07-03 22:00:00,31.1875,32.3125,Africa/Cairo,3.0,27.4,71,0.0,13.8,0
Port Said,2026-07-03 23:00:00,31.1875,32.3125,Africa/Cairo,3.0,27.2,72,0.0,11.2,1
Port Said,2026-07-04 00:00:00,31.1875,32.3125,Africa/Cairo,3.0,26.8,75,0.0,9.7,1
Port Said,2026-07-04 01:00:00,31.1875,32.3125,Africa/Cairo,3.0,26.3,81,0.0,9.4,1
Port Said,2026-07-04 02:00:00,31.1875,32.3125,Africa/Cairo,3.0,25.6,84,0.0,9.5,1
Port Said,2026-07-04 03:00:00,31.1875,32.3125,Africa/Cairo,3.0,25.0,86,0.0,9.7,1
Port Said,2026-07-04 04:00:00,31.1875,32.3125,Africa/Cairo,3.0,24.5,89,0.0,10.1,1
Port Said,2026-07-04 05:00:00,31.1875,32.3125,Africa/Cairo,3.0,24.1,91,0.0,10.7,2
Port Said,2026-07-04 06:00:00,31.1875,32.3125,Africa/Cairo,3.0,24.0,91,0.0,10.8,2
Port Said,2026-07-04 07:00:00,31.1875,32.3125,Africa/Cairo,3.0,24.0,91,0.0,13.3,2
Port Said,2026-07-04 08:00:00,31.1875,32.3125,Africa/Cairo,3.0,24.8,87,0.0,14.9,2
Port Said,2026-07-04 09:00:00,31.1875,32.3125,Africa/Cairo,3.0,26.1,79,0.0,13.2,2
Port Said,2026-07-04 10:00:00,31.1875,32.3125,Africa/Cairo,3.0,28.0,68,0.0,11.4,1
Port Said,2026-07-04 11:00:00,31.1875,32.3125,Africa/Cairo,3.0,30.2,58,0.0,12.0,1
Port Said,2026-07-04 12:00:00,31.1875,32.3125,Africa/Cairo,3.0,31.8,51,0.0,13.2,1
Port Said,2026-07-04 13:00:00,31.1875,32.3125,Africa/Cairo,3.0,33.0,52,0.0,15.3,2
Port Said,2026-07-04 14:00:00,31.1875,32.3125,Africa/Cairo,3.0,32.3,51,0.0,20.3,0
Port Said,2026-07-04 15:00:00,31.1875,32.3125,Africa/Cairo,3.0,32.2,49,0.0,24.1,0
Port Said,2026-07-04 16:00:00,31.1875,32.3125,Africa/Cairo,3.0,31.7,52,0.0,25.6,0
Port Said,2026-07-04 17:00:00,31.1875,32.3125,Africa/Cairo,3.0,30.9,56,0.0,26.0,0
Port Said,2026-07-04 18:00:00,31.1875,32.3125,Africa/Cairo,3.0,30.1,61,0.0,25.5,0
Port Said,2026-07-04 19:00:00,31.1875,32.3125,Africa/Cairo,3.0,29.2,66,0.0,23.9,1
Port Said,2026-07-04 20:00:00,31.1875,32.3125,Africa/Cairo,3.0,28.4,70,0.0,21.4,1
Port Said,2026-07-04 21:00:00,31.1875,32.3125,Africa/Cairo,3.0,27.7,74,0.0,19.1,1
Port Said,2026-07-04 22:00:00,31.1875,32.3125,Africa/Cairo,3.0,27.2,76,0.0,17.3,1
Port Said,2026-07-04 23:00:00,31.1875,32.3125,Africa/Cairo,3.0,27.0,77,0.0,15.3,1
Port Said,2026-07-05 00:00:00,31.1875,32.3125,Africa/Cairo,3.0,26.7,78,0.0,13.4,1
Port Said,2026-07-05 01:00:00,31.1875,32.3125,Africa/Cairo,3.0,26.3,80,0.0,11.8,2
Port Said,2026-07-05 02:00:00,31.1875,32.3125,Africa/Cairo,3.0,25.9,83,0.0,10.4,2
Port Said,2026-07-05 03:00:00,31.1875,32.3125,Africa/Cairo,3.0,25.5,85,0.0,9.9,2
Port Said,2026-07-05 04:00:00,31.1875,32.3125,Africa/Cairo,3.0,24.9,88,0.0,10.2,2
Port Said,2026-07-05 05:00:00,31.1875,32.3125,Africa/Cairo,3.0,24.4,91,0.0,11.0,2
Port Said,2026-07-05 06:00:00,31.1875,32.3125,Africa/Cairo,3.0,24.2,92,0.0,11.8,2
Port Said,2026-07-05 07:00:00,31.1875,32.3125,Africa/Cairo,3.0,24.6,89,0.0,12.8,1
Port Said,2026-07-05 08:00:00,31.1875,32.3125,Africa/Cairo,3.0,25.3,84,0.0,13.6,1
Port Said,2026-07-05 09:00:00,31.1875,32.3125,Africa/Cairo,3.0,26.4,77,0.0,14.0,1
Port Said,2026-07-05 10:00:00,31.1875,32.3125,Africa/Cairo,3.0,28.4,67,0.0,13.4,1
Port Said,2026-07-05 11:00:00,31.1875,32.3125,Africa/Cairo,3.0,30.9,56,0.0,11.9,1
Port Said,2026-07-05 12:00:00,31.1875,32.3125,Africa/Cairo,3.0,32.5,49,0.0,11.0,1
Port Said,2026-07-05 13:00:00,31.1875,32.3125,Africa/Cairo,3.0,32.6,49,0.0,12.0,0
Port Said,2026-07-05 14:00:00,31.1875,32.3125,Africa/Cairo,3.0,31.9,53,0.0,16.1,0
Port Said,2026-07-05 15:00:00,31.1875,32.3125,Africa/Cairo,3.0,31.1,58,0.0,20.1,0
Port Said,2026-07-05 16:00:00,31.1875,32.3125,Africa/Cairo,3.0,30.4,62,0.0,22.3,1
Port Said,2026-07-05 17:00:00,31.1875,32.3125,Africa/Cairo,3.0,29.7,67,0.0,23.1,1
Port Said,2026-07-05 18:00:00,31.1875,32.3125,Africa/Cairo,3.0,29.0,71,0.0,22.4,1
Port Said,2026-07-05 19:00:00,31.1875,32.3125,Africa/Cairo,3.0,28.5,73,0.0,20.5,2
Port Said,2026-07-05 20:00:00,31.1875,32.3125,Africa/Cairo,3.0,28.1,74,0.0,17.2,2
Port Said,2026-07-05 21:00:00,31.1875,32.3125,Africa/Cairo,3.0,27.8,75,0.0,14.8,2
Port Said,2026-07-05 22:00:00,31.1875,32.3125,Africa/Cairo,3.0,27.5,76,0.0,12.6,2
Port Said,2026-07-05 23:00:00,31.1875,32.3125,Africa/Cairo,3.0,27.2,76,0.0,10.8,2
Port Said,2026-07-06 00:00:00,31.1875,32.3125,Africa/Cairo,3.0,26.9,77,0.0,9.7,2
Port Said,2026-07-06 01:00:00,31.1875,32.3125,Africa/Cairo,3.0,26.6,78,0.0,9.8,1
Port Said,2026-07-06 02:00:00,31.1875,32.3125,Africa/Cairo,3.0,26.2,78,0.0,10.1,1
Port Said,2026-07-06 03:00:00,31.1875,32.3125,Africa/Cairo,3.0,25.9,79,0.0,10.5,1
Port Said,2026-07-06 04:00:00,31.1875,32.3125,Africa/Cairo,3.0,25.4,81,0.0,10.4,1
Port Said,2026-07-06 05:00:00,31.1875,32.3125,Africa/Cairo,3.0,24.9,83,0.0,10.2,1
Port Said,2026-07-06 06:00:00,31.1875,32.3125,Africa/Cairo,3.0,24.7,83,0.0,10.5,1
Port Said,2026-07-06 07:00:00,31.1875,32.3125,Africa/Cairo,3.0,25.3,80,0.0,12.5,2
Port Said,2026-07-06 08:00:00,31.1875,32.3125,Africa/Cairo,3.0,26.2,75,0.0,14.8,2
Port Said,2026-07-06 09:00:00,31.1875,32.3125,Africa/Cairo,3.0,26.9,72,0.0,16.6,2
Port Said,2026-07-06 10:00:00,31.1875,32.3125,Africa/Cairo,3.0,28.0,63,0.0,16.9,2
Port Said,2026-07-06 11:00:00,31.1875,32.3125,Africa/Cairo,3.0,29.7,57,0.0,16.1,2
Port Said,2026-07-06 12:00:00,31.1875,32.3125,Africa/Cairo,3.0,31.0,52,0.0,14.8,2
Port Said,2026-07-06 13:00:00,31.1875,32.3125,Africa/Cairo,3.0,32.0,50,0.0,13.7,2
Port Said,2026-07-06 14:00:00,31.1875,32.3125,Africa/Cairo,3.0,32.7,49,0.0,15.7,2
Port Said,2026-07-06 15:00:00,31.1875,32.3125,Africa/Cairo,3.0,32.9,50,0.0,20.0,2
Port Said,2026-07-06 16:00:00,31.1875,32.3125,Africa/Cairo,3.0,32.1,54,0.0,22.7,1
Port Said,2026-07-06 17:00:00,31.1875,32.3125,Africa/Cairo,3.0,30.8,60,0.0,24.6,1
Port Said,2026-07-06 18:00:00,31.1875,32.3125,Africa/Cairo,3.0,29.6,65,0.0,25.2,1
Port Said,2026-07-06 19:00:00,31.1875,32.3125,Africa/Cairo,3.0,28.7,68,0.0,24.1,1
Port Said,2026-07-06 20:00:00,31.1875,32.3125,Africa/Cairo,3.0,28.1,69,0.0,21.7,1
Port Said,2026-07-06 21:00:00,31.1875,32.3125,Africa/Cairo,3.0,27.5,71,0.0,19.6,1
Port Said,2026-07-06 22:00:00,31.1875,32.3125,Africa/Cairo,3.0,27.0,73,0.0,17.4,2
Port Said,2026-07-06 23:00:00,31.1875,32.3125,Africa/Cairo,3.0,26.7,74,0.0,15.4,2
Port Said,2026-07-07 00:00:00,31.1875,32.3125,Africa/Cairo,3.0,26.4,76,0.0,13.5,2
Port Said,2026-07-07 01:00:00,31.1875,32.3125,Africa/Cairo,3.0,26.1,77,0.0,12.9,2
Port Said,2026-07-07 02:00:00,31.1875,32.3125,Africa/Cairo,3.0,25.8,79,0.0,12.4,2
Port Said,2026-07-07 03:00:00,31.1875,32.3125,Africa/Cairo,3.0,25.5,80,0.0,12.3,2
Port Said,2026-07-07 04:00:00,31.1875,32.3125,Africa/Cairo,3.0,25.0,81,0.0,12.6,2
Port Said,2026-07-07 05:00:00,31.1875,32.3125,Africa/Cairo,3.0,24.6,82,0.0,12.8,2
Port Said,2026-07-07 06:00:00,31.1875,32.3125,Africa/Cairo,3.0,24.4,82,0.0,13.4,2
Port Said,2026-07-07 07:00:00,31.1875,32.3125,Africa/Cairo,3.0,24.6,79,0.0,13.7,1
Port Said,2026-07-07 08:00:00,31.1875,32.3125,Africa/Cairo,3.0,25.1,75,0.0,13.5,1
Port Said,2026-07-07 09:00:00,31.1875,32.3125,Africa/Cairo,3.0,25.9,70,0.0,13.4,1
Port Said,2026-07-07 10:00:00,31.1875,32.3125,Africa/Cairo,3.0,27.2,64,0.0,13.0,1
Port Said,2026-07-07 11:00:00,31.1875,32.3125,Africa/Cairo,3.0,28.8,58,0.0,12.3,1
Port Said,2026-07-07 12:00:00,31.1875,32.3125,Africa/Cairo,3.0,30.1,54,0.0,11.7,1
Port Said,2026-07-07 13:00:00,31.1875,32.3125,Africa/Cairo,3.0,30.8,53,0.0,12.2,1
Port Said,2026-07-07 14:00:00,31.1875,32.3125,Africa/Cairo,3.0,31.3,53,0.0,16.2,1
Port Said,2026-07-07 15:00:00,31.1875,32.3125,Africa/Cairo,3.0,31.4,54,0.0,20.3,1
Port Said,2026-07-07 16:00:00,31.1875,32.3125,Africa/Cairo,3.0,31.0,55,0.0,23.0,0
Port Said,2026-07-07 17:00:00,31.1875,32.3125,Africa/Cairo,3.0,30.2,56,0.0,25.0,0
Port Said,2026-07-07 18:00:00,31.1875,32.3125,Africa/Cairo,3.0,29.4,58,0.0,26.0,0
Port Said,2026-07-07 19:00:00,31.1875,32.3125,Africa/Cairo,3.0,28.7,60,0.0,25.1,0
Port Said,2026-07-07 20:00:00,31.1875,32.3125,Africa/Cairo,3.0,27.9,62,0.0,22.7,0
Port Said,2026-07-07 21:00:00,31.1875,32.3125,Africa/Cairo,3.0,27.3,65,0.0,20.5,0
Port Said,2026-07-07 22:00:00,31.1875,32.3125,Africa/Cairo,3.0,26.8,68,0.0,18.8,2
Port Said,2026-07-07 23:00:00,31.1875,32.3125,Africa/Cairo,3.0,26.3,72,0.0,17.4,2
